bin_center_m,opp_n,opp_gk_det,own_n,own_gk_det
5.25,27752,0.85395647160565,27416,0.801028596440035
15.75,49802,0.7784627123408698,49841,0.7098774101643226
26.25,63688,0.5282627810576561,71115,0.44487098361808336
36.75,70585,0.23337819650067296,88703,0.14829261693516566
47.25,84441,0.0475361495008349,91169,0.021059790060217836
57.75,90813,0.00484512129320692,84510,0.0006863093125073956
68.25,88552,0.0003726623904598428,70483,4.256345501752196e-05
78.75,71316,0.0005047955577990914,64011,0.0
89.25,50067,0.0,50070,0.0
99.75,28179,0.0,27888,0.0
