context,frames,gk_det,unit_det,gk_q25,gk_q75,gk_matches
00 baseline (all live frames),1757726,0.17569860148851413,0.14283397981255327,0.15185504773319614,0.19557027923339843,40
10 OPP poss | ball in own half,297173,0.39363266514791045,0.34183791932645297,0.36091573414296996,0.43069580671663066,40
11 OPP poss | ball in own def third (<35m),164129,0.6310097545223574,0.546082654497377,0.5838793752656577,0.6895373149335592,40
12 OPP poss | ball in own penalty area,31901,0.8693771355129933,0.7248989059904078,0.8401884407550668,0.9364864864864865,40
"13 OPP poss | ball 35-52m (own half, beyond third)",133044,0.1007937223775593,0.08987252337572532,0.02481631832948732,0.14701848522766392,40
2x OPP phase=build_up | ball <35m,1764,0.5255102040816326,0.2919501133786848,0.0,0.6352217380158933,19
2x OPP phase=chaotic | ball <35m,41473,0.46538711933064886,0.3511441178598124,0.36209441541813064,0.5436360413362227,40
2x OPP phase=create | ball <35m,26191,0.4013974265969226,0.31682639074491237,0.2738047128065259,0.497861216730038,40
2x OPP phase=direct | ball <35m,9906,0.457096709065213,0.3567534827377347,0.2925465838509317,0.6000924947145878,40
2x OPP phase=disruption | ball <35m,84,0.42857142857142855,0.13095238095238096,0.0,0.25,4
2x OPP phase=finish | ball <35m,161916,0.5795474196496949,0.4888584204155241,0.5290445276994911,0.626332896860184,40
2x OPP phase=quick_break | ball <35m,13844,0.5288933834151979,0.4265385726668593,0.4488107107249679,0.6850874819624819,36
2x OPP phase=set_play | ball <35m,25927,0.5848729124079145,0.4076831102711459,0.5011586536210851,0.6758149499160442,39
2x OPP phase=transition | ball <35m,16697,0.5603401808708152,0.41480505480026353,0.45876452835705556,0.6369417649160415,38
3x OWN block=chaotic | ball in own half,69942,0.3082840067484487,0.23430842698235682,0.22785511518724752,0.3552187960709542,40
3x OWN block=defending_direct | ball in own half,17706,0.2982039986445273,0.23839376482548288,0.138915857605178,0.34839154411764706,40
3x OWN block=defending_quick_break | ball in own half,15928,0.47218734304369664,0.38115268709191363,0.4112658404121988,0.5552042297325316,36
3x OWN block=defending_set_play | ball in own half,28534,0.5445083058807038,0.38210555828134857,0.4657424660420466,0.6374730274885074,39
3x OWN block=defending_transition | ball in own half,22963,0.428907372730044,0.3197317423681575,0.3415524152554681,0.4924756973036304,38
3x OWN block=disruption | ball in own half,687,0.05240174672489083,0.01601164483260553,0.0,0.0,17
3x OWN block=high_block | ball in own half,4981,0.2164224051395302,0.13069664725958643,0.0,0.14414414414414414,37
3x OWN block=low_block | ball in own half,208291,0.4890561762150069,0.4143673994555694,0.43185617766158246,0.5509443789366884,40
3x OWN block=medium_block | ball in own half,96597,0.1590836154331915,0.1296831164528919,0.07451452158954845,0.2192443939161039,40
40 OWN poss | ball in own def third (<35m),177211,0.5398761927871295,0.4495714148670229,0.4571293889958904,0.6206453318776547,40
41 OWN poss | ball in own penalty area,42414,0.8112179940585655,0.6440797849766586,0.7810440972638804,0.8663534930978468,40
42 OWN poss | ball in opp half,297272,0.00018501574315778142,0.00016146828493770015,0.0,0.0,40
5x OWN phase=build_up | ball <35m,93218,0.6087129095239117,0.49966744620137743,0.5288239718582456,0.6679017800870166,40
5x OWN phase=chaotic | ball <35m,52292,0.49705499885259696,0.39860781763940945,0.4238132360092445,0.5515619925666655,40
5x OWN phase=create | ball <35m,52005,0.341870973944813,0.28589558696279205,0.19746928746928746,0.3919157888239651,40
5x OWN phase=direct | ball <35m,11934,0.5643539467068879,0.42584213172448465,0.4496867007672634,0.7488749338196365,40
5x OWN phase=disruption | ball <35m,9786,0.6792356427549561,0.5296341712650725,0.5421955403087478,0.8601309707241911,40
5x OWN phase=finish | ball <35m,888,0.24324324324324326,0.13851351351351351,0.0,0.4959677419354839,26
5x OWN phase=quick_break | ball <35m,58,0.7413793103448276,0.5,0.0,0.8541666666666667,4
5x OWN phase=set_play | ball <35m,191,0.041884816753926704,0.0,0.0,0.0,9
5x OWN phase=transition | ball <35m,4128,0.5070251937984496,0.43386627906976744,0.12364130434782608,0.6375324675324675,36
60 DEFENDING corner (15s),19452,0.5079683323051615,0.3683425868805264,0.41726691202243255,0.5875145284594103,38
60b DEFENDING corner (first 5s),7500,0.7166666666666667,0.47186666666666666,0.5862499999999999,0.8394444444444444,38
60c DEFENDING corner | ball in own box,7157,0.6428671230962694,0.45312281682269107,0.5484935755427558,0.7695520796302879,38
61 DEFENDING free kick in own half (15s),36364,0.3996810031899681,0.33698163018369814,0.29691088654111164,0.45664065221935757,40
61b DEFENDING free kick <35m (15s),23331,0.5606274913205607,0.4686040032574686,0.4291987723651561,0.6365912794626178,40
62 DEFENDING throw-in in own third (15s),40375,0.5465263157894736,0.46243962848297215,0.45838322446375945,0.6557397619292753,40
63 DEFENDING corner | delivery moment (-2s..+1s),3576,0.7536353467561522,0.29278523489932884,0.6520881079704609,0.9226242371403661,36
70 OWN goal kick (15s),40080,0.23003992015968064,0.18802395209580838,0.08608920263020461,0.32289715832205684,40
70b OWN goal kick (first 5s),13779,0.34741272951593005,0.2640975397343784,0.14416666666666667,0.5489583333333333,40
71 OPP goal kick (15s) [sanity: expect ~0],40080,0.08662674650698603,0.07589820359281436,0.026224022819170613,0.14463394538606403,40
72 OWN goal kick | strike moment (-2s..+0.5s),3785,0.5114927344782034,0.37199471598414796,0.327724358974359,0.7097273445732349,38
73 OPP goal kick | strike moment [sanity: expect ~0],3785,0.0,0.0,0.0,0.0,38
