match,outfield_det_rate,mean_present,mean_detected,frac_ge10,frac_ge9,frac_ge8,frac_ge7,frac_ge5,n_team_frames
1886347,0.6373084357310507,10.0,6.373084357310507,0.12307285194900824,0.2729992176354181,0.44698329421510424,0.5928712780155553,0.7990703667909246,86916
1899585,0.5916779331874831,10.0,5.916779331874831,0.07400260563899609,0.21892283867161574,0.37197954819203066,0.5140360364789459,0.7518497578722254,81362
1925299,0.6178799382587293,10.0,6.178799382587293,0.09876517458595803,0.21061908139001292,0.35122648199908224,0.5304534646030621,0.790163113762463,95884
1953632,0.6650801603206413,10.0,6.650801603206413,0.18144243031517582,0.375751503006012,0.5232282747312808,0.6612998724722171,0.8095964656585899,87824
1996435,0.7009338172796398,10.0,7.009338172796398,0.2224621534079162,0.3929957960993315,0.5639084790149549,0.6959063655785532,0.8450644368381154,87062
2006229,0.6714473296959543,10.0,6.714473296959544,0.17323583346539584,0.365386792239252,0.5372642684114012,0.675363926558149,0.8179235244843902,88342
2011166,0.5601255927207485,10.0,5.601255927207484,0.036460335768294244,0.13369216967832884,0.2839677047289504,0.45941304626425733,0.7264385492759196,78030
2013725,0.5728918474395448,10.0,5.728918474395448,0.06951235775248933,0.16879667496443812,0.31696746088193456,0.48860908605974396,0.7459881756756757,89984
2015213,0.5606928021095134,10.0,5.606928021095134,0.059021053932676856,0.1623130484940876,0.3003584524741461,0.4810576408059,0.7364344279180915,97084
2017461,0.5469866844866845,10.0,5.469866844866845,0.06578556578556578,0.1614196614196614,0.28844916344916344,0.4519478269478269,0.6933348183348184,80808
1874553,0.6224561522466323,10.0,6.224561522466323,0.09799068800289305,0.2452648946749842,0.407490281168068,0.5691845221950999,0.7909208028207214,88488
1927964,0.6593925244084988,10.0,6.593925244084988,0.165687347795974,0.30520118858777007,0.45790790678969595,0.6180432985544807,0.8187180231908666,89518
1959846,0.6062811483656614,10.0,6.062811483656613,0.09383701069280985,0.23541730035798686,0.39139895645663214,0.5485739020566696,0.7682444605629519,85478
1986691,0.6268653078280249,10.0,6.2686530782802485,0.1249071408673043,0.2643003064351379,0.4448300677871669,0.6011816324635528,0.7878284891819111,86152
1996436,0.5932185482747411,10.0,5.9321854827474105,0.11490502948962059,0.2651743835043886,0.43340454186597316,0.5630659917336182,0.7245042492917847,86132
2006363,0.5661972624980269,10.0,5.661972624980269,0.06261979389812163,0.1631902947211762,0.3011928653572959,0.45892619568403725,0.7256747919814193,88694
2007448,0.5762256396359777,10.0,5.762256396359777,0.08033556895422622,0.2013300815211255,0.33248650723754036,0.4878508682790236,0.7307431745816679,88566
2007721,0.6416862863684472,10.0,6.416862863684472,0.18017366136034732,0.3366524828822602,0.47933991403330667,0.6102987234594034,0.7782037713026762,92594
2010085,0.5909514290107862,10.0,5.909514290107862,0.06339931020847521,0.1638364710792821,0.3071110037125722,0.48874145998550117,0.7740383559236397,91042
2016236,0.5248501697696146,10.0,5.248501697696146,0.03028507622541759,0.09916140646719686,0.21923068158512407,0.39135884055328946,0.6886607570129663,87766
