match_id,action_id,n_lane_blockers,max_def_cheap,max_def_exact,exact_score_of_cheap_pid,pid_cheap,pid_exact
10502,0,9,0.06173006635022032,1.2925862882669108,0.0,107.0,1973.0
10502,1,9,0.014301446428189988,0.6037704508545829,0.02073916656785757,1336.0,1973.0
10502,2,9,0.05198172178373048,0.5700304341144045,0.004375693771919487,802.0,1971.0
10502,3,9,0.07682375318340438,0.729521220713456,0.022251085308080842,802.0,1973.0
10502,4,8,0.03852638443525416,0.7162782619257442,0.0001848213719668479,1522.0,8134.0
10502,5,7,0.13779105013250167,0.8268785456619625,0.00016825492264160857,8342.0,8134.0
10502,6,7,0.03774810536380115,0.32177408894337045,0.008127845945577583,8342.0,284.0
10502,7,8,0.025517955836414627,0.07415257386003482,0.0,1522.0,8026.0
10502,8,7,0.002142421258175635,2.45960508871761,0.8069773290661946,8022.0,8327.0
10502,9,5,0.0472546134961499,0.6164432693819233,0.1757643888053959,8026.0,8022.0
10502,10,7,0.12140106818437842,0.4948407564983235,0.00047966510111052685,11094.0,8033.0
10502,11,8,0.05064536292371332,0.34599997428557927,0.09175149598071108,8022.0,8134.0
10502,12,8,0.0553025970627338,0.34599997428557927,0.34599997428557927,8134.0,8134.0
10502,13,6,0.08807227784358268,0.9817662084484304,0.0,11094.0,8026.0
10502,14,7,0.06991769570905751,1.6631473584221057,0.016517892308564264,8342.0,1522.0
10502,15,9,0.028947505718025242,1.1549148138651155,0.06645004222738038,8327.0,1522.0
10502,16,8,0.02530292639075894,0.3139561835093554,0.01392321082610426,1339.0,8343.0
10502,17,8,0.02530292639075894,0.3139561835093554,0.01392321082610426,1339.0,8343.0
10502,18,5,0.06253868646548734,1.0813228732969336,0.0,8327.0,1522.0
10502,19,6,9.99378473582536e-10,0.18738445579992824,0.0,1973.0,916.0
10502,20,4,0.05864369728166263,1.0425309177820825,0.0,8342.0,1522.0
10502,21,6,0.038897699419286835,1.510275188518703,0.0,8342.0,1522.0
10502,22,6,0.0004551004430558244,0.8345141800978073,0.00035840801527209365,13121.0,8343.0
10502,23,6,4.277456787904865e-12,0.0,0.0,8026.0,
10502,24,6,1.3002053174711302e-13,0.0,,,
10502,25,5,0.0008632291861317165,0.736521792640453,0.008573571778478506,13121.0,8343.0
10502,26,5,0.0007086808695686602,0.5933354700878877,0.01707890266891554,13121.0,8343.0
10502,27,6,0.0,1.1359535008919917,,,1522.0
10502,29,8,0.03132347486546041,1.1753796423380969,0.0,8033.0,8022.0
10502,30,8,0.07358927395066626,2.1594291790707407,0.00020958386994962552,8033.0,8022.0
10502,31,7,0.03981104792953501,0.6132747146822766,0.18911210468624606,8026.0,284.0
10502,32,6,0.04341705882151683,1.24351961026907,0.0,11094.0,284.0
10502,33,6,0.005593056536530813,1.7438540227156851,0.853509864814721,8022.0,8134.0
10502,34,6,0.0,0.0,,,
10502,35,7,0.0,0.0,,,
10502,36,7,9.05605680809743e-11,0.0,0.0,8026.0,
10502,37,7,2.501515060679126e-10,0.0,0.0,1522.0,
10502,38,6,1.215903698882387e-05,0.0,0.0,1522.0,
10502,39,5,0.009061647562941214,0.32197014092179166,0.009061116490587828,1339.0,1971.0
10502,41,3,0.000964721067002495,0.0,0.0,1522.0,
10502,42,4,0.0,0.0,,,
10502,43,4,2.3706107008484288e-05,0.2906333455448067,7.228585858776171e-07,107.0,1971.0
10502,44,9,4.016702393282551e-05,0.8645292972740677,0.12161970533214905,1334.0,916.0
10502,45,10,0.02470869093604852,0.9989210581412697,0.003291588108145227,802.0,1973.0
10502,46,9,0.23906602653928097,1.181963437786223,0.24524797852065028,11094.0,8134.0
10502,47,9,0.10995020674815105,0.8783448330754178,0.12961042584580884,8327.0,8134.0
10502,48,6,0.0807066872844727,0.8675521184708632,0.059801961896042144,8033.0,8026.0
10502,49,7,0.035918783976588285,2.331046862889095,0.0,1339.0,8343.0
10502,51,10,0.04367376253967883,0.6146944372026875,0.051108762947349895,8327.0,8026.0
10502,52,9,0.027915751501050596,0.7984728419118454,0.04389836146715087,37.0,8134.0
10502,55,8,0.00833291302163618,1.0038495585684344,0.1529548529475111,37.0,1522.0
10502,56,9,0.0864272818940304,0.5490040278079524,0.08018433098540889,8342.0,8022.0
10502,57,9,0.09905149863844671,0.5490040278079524,0.08018433098540889,8342.0,8022.0
10502,58,7,0.008600930241793798,0.6106384485743845,0.00019424841690351968,1339.0,916.0
10502,59,7,0.002189720350098115,0.7042923493604443,0.0827467265069366,8343.0,916.0
10502,60,7,0.0015611717420728464,0.7042923493604443,0.0827467265069366,8343.0,916.0
10502,61,6,0.0006908707644588965,0.0,0.0,8134.0,
10502,62,6,0.004724757079465399,0.0,0.0,284.0,
10502,63,8,0.0939987823058153,0.0,0.0,8134.0,
10502,64,7,0.009771735006309333,0.5152082294718934,0.003888539537344027,1334.0,916.0
10502,65,8,0.008291103051815596,1.3207349937749577,0.006760277527866787,1334.0,1973.0
10502,66,8,0.00931783616982704,1.3207349937749577,0.0007078741778836495,1339.0,1973.0
10502,67,10,0.03172015438674245,0.595225278874528,0.015644374897644475,8026.0,8134.0
10502,68,7,0.01917896506138574,1.6355954597011966,0.0026387158984428893,802.0,1973.0
10502,69,8,0.052166089788211814,0.8058643561915151,0.0024074882370461737,802.0,1973.0
10502,70,9,0.07006061865824612,0.8940331493408058,0.0013428851669212705,802.0,1973.0
10502,71,10,0.07798161376359516,0.6144952575337506,4.0852494331389266e-05,107.0,916.0
10502,72,10,0.06783767671897156,0.7811548787311633,0.005190286927173382,802.0,1971.0
10502,73,8,0.02732238816883934,1.1863740835519412,0.10224405413431015,1339.0,1973.0
10502,74,8,0.035444662374903,1.4604196267985587,0.0,1336.0,1973.0
10502,75,7,0.021819773953470383,1.0122920443197039,0.0003675666070659389,13121.0,1973.0
10502,76,7,0.015427317104992535,1.157714035307455,0.05383519693265093,1334.0,1973.0
10502,77,6,0.04085934498252435,0.32236627747593083,0.011525722182634368,8327.0,8134.0
10502,78,4,0.029569404864833393,0.8515238408683166,0.015246057594740847,8327.0,8134.0
10502,79,7,0.0,0.0,,,
10502,80,7,0.045097665046126376,1.8229571292232158,0.0,37.0,8134.0
10502,81,8,0.03126616074376337,1.7176781226985858,0.0,37.0,8134.0
10502,82,7,0.007419296694070422,0.5592228015825118,0.00015623091267835676,802.0,1973.0
10502,83,6,0.2001440012419286,0.0,0.0,37.0,
10502,84,5,0.5581013439122289,0.026581979931258104,0.026581979931258104,8033.0,8033.0
10502,86,6,0.24072753920260584,0.43118187075563164,0.034052022368513235,8327.0,11094.0
10502,87,9,0.133415279159941,1.0114866105641305,0.9849430607346115,8327.0,8134.0
10502,88,9,0.06750963042265175,0.44609721674143543,0.02839709487192188,8327.0,8134.0
10502,89,7,0.03789302421114581,0.6604411121366063,0.007190840591523084,11094.0,8134.0
10502,90,8,0.0,0.6960577879972956,,,284.0
10502,91,6,0.015819054749543177,0.8105686803064405,0.056137142372612914,8022.0,8026.0
10502,92,8,0.013100865465684265,0.3827652949331335,0.00994334211439929,1971.0,8343.0
10502,93,7,0.012422523277430911,1.2523949299183417,0.14056914864247272,1522.0,8026.0
10502,94,7,0.02417243073154784,1.053094488701665,0.19455871217150422,1522.0,8026.0
10502,95,7,0.015136025970988001,0.6564496675581202,0.5166409707538246,8026.0,284.0
10502,96,7,0.017330536739899843,0.8248864558560238,0.0002844375274886346,8342.0,11094.0
10502,97,7,0.00902546667032249,0.8248864558560238,0.0031608942613101654,8134.0,11094.0
10502,98,10,1.9896863962594646e-05,0.0,0.0,8342.0,
10502,99,7,0.007239157454369783,0.5526521667781994,6.241477344559598e-05,107.0,8343.0
10502,100,7,0.010658756854272066,0.5526521667781994,6.241477344559598e-05,107.0,8343.0
10502,103,6,0.02242377971467689,0.880367792772569,0.0026587915852056554,107.0,8343.0
10502,104,6,0.002211413806352618,8.656817376622424,0.044635492551398315,13121.0,8343.0
10502,105,6,0.00210304197366431,8.656817376622424,0.044635492551398315,13121.0,8343.0
10502,106,5,0.00819804271084576,1.8986598308810727,0.07739880324748327,284.0,1522.0
10502,107,5,0.03145915143366926,1.2115733972729377,0.02825800989589311,13121.0,8343.0
10502,108,8,0.0013353001977927537,0.7007353680855708,0.4970111435485194,8342.0,1522.0
10502,109,10,0.0,0.0,,,
10502,110,10,0.023080128390113943,0.7304212009904267,0.002953388829140202,802.0,8343.0
10502,111,6,0.0015030999667473327,0.0,0.0,8026.0,
10502,112,6,0.2946938886808639,0.08955547796659147,0.03255152831684427,8327.0,11094.0
10502,113,6,0.2946938886808639,0.08955547796659147,0.03255152831684427,8327.0,11094.0
10502,115,9,0.0494690966143303,0.6726285855839276,0.01544594553660339,8033.0,8022.0
10502,116,9,0.032986288493008185,0.6476964141632715,0.024559200387127333,1522.0,8026.0
10502,117,9,0.05855526760190206,0.8995141760675516,0.267661791126077,8327.0,8022.0
10502,118,7,0.020257552680845226,0.7867937240352445,6.221289778096661e-05,11094.0,8026.0
10502,119,9,0.020690651711742065,0.7227255356448339,0.07382974651721685,916.0,1971.0
10502,120,8,0.013503586420237986,0.5384191283807418,0.5384191283807418,1971.0,1971.0
10502,121,8,0.01605046869724815,0.5384191283807418,0.5384191283807418,1971.0,1971.0
10502,122,6,0.003990719832562157,0.7352646243165433,0.07576616179855078,8033.0,37.0
10502,123,6,1.2987342031696247e-05,2.834842432046726,4.701622467351285e-06,11094.0,37.0
10502,124,9,1.030181553068174e-08,1.153214020065044,1.445633150964909e-06,11094.0,1522.0
10502,125,9,0.03820065821325851,0.8466074205679854,0.0,802.0,916.0
10502,126,8,0.16298910182598247,0.8113291652653043,0.06231474879521404,802.0,1973.0
10502,127,6,0.0608131543136547,0.8809224268266593,0.12039126828980162,107.0,1973.0
10502,128,8,0.05677617963930811,1.0273054306070888,0.06101658728051795,107.0,1973.0
10502,129,10,0.06817366923599552,0.9569782786365018,0.037206484348428326,1339.0,1973.0
10502,130,10,0.05730090086284608,0.8825918802376247,6.0588969387431746e-05,107.0,8343.0
10502,131,10,0.04145078639165112,1.2254930496668903,0.0002144137345077013,107.0,8343.0
10502,132,8,0.04961799114604691,0.8464651717736933,0.009521285010310798,802.0,1973.0
10502,133,9,0.030816473491042322,0.8788619294301458,0.0041766915067675825,802.0,1973.0
10502,134,9,0.04464529085627539,0.8788619294301458,0.0041766915067675825,802.0,1973.0
10502,135,8,0.04151313156148983,0.6132031155685511,0.08776718303094366,1339.0,8343.0
10502,136,8,0.030647187132986593,0.6132031155685511,0.08776718303094366,1339.0,8343.0
10502,137,8,0.01859362228339198,1.0211974677754299,0.12167464779373605,1336.0,8343.0
10502,138,9,0.023355630959875803,0.8754617857062126,0.09539695256597813,1336.0,8343.0
10502,139,10,0.015914806792369698,0.9983665490500013,0.021455885631988192,13121.0,1973.0
10502,140,9,0.020661362251943295,0.6086872366756173,0.11400701808669722,1339.0,1971.0
10502,141,7,0.00019575495007307246,0.8395300969067248,8.041009023296297e-05,1334.0,1973.0
10502,142,5,1.6508808635367716e-08,1.2282491063837444,0.008145509976204224,916.0,1973.0
10502,143,5,2.4623100512800844e-13,1.2282491063837444,,,1973.0
10502,144,8,1.1982831062937278e-05,0.10162375247327837,0.0,8343.0,1973.0
10502,145,7,0.027425833565257345,0.7603614561263186,0.021917354563227853,1971.0,1973.0
10502,146,8,0.0,0.0,,,
10502,147,9,0.07402441954088078,0.0,0.0,1334.0,
10502,149,8,0.01847152378549193,1.1245958859689145,0.0003791871352021303,8327.0,11094.0
10502,150,6,0.01120051526084154,0.8599028596672778,0.05062448990604729,8327.0,11094.0
10502,152,7,0.005233535138013513,0.16160864981613265,0.16160864981613265,1973.0,1973.0
10502,153,5,0.02719944805434767,0.6584248572536548,0.019983066445540487,1334.0,1973.0
10502,154,6,0.025835704428320994,0.7191002907121051,0.12265683486126289,8327.0,8134.0
10502,155,7,0.015395762641460146,1.1426051037753133,0.027074423378754986,1334.0,1973.0
10502,156,7,0.07471736205710097,0.7316160766079394,0.0022794406578210413,802.0,1973.0
10502,157,8,0.0633531379403126,0.8061300930574458,0.016172810205443255,802.0,8343.0
10502,158,10,0.0147076523748869,1.0183156562855604,0.08280529444444173,13121.0,1973.0
10502,159,8,0.07105461955957268,1.1136720449172275,0.021552374514389072,1339.0,1973.0
10502,160,8,0.0778219966150698,0.91648567387052,0.005655078842994321,802.0,1973.0
10502,161,8,0.05236797317071049,0.8593567173523748,0.013964014944510161,802.0,1973.0
10502,162,10,0.08431157484016581,0.6597214228308568,0.00621051310545262,802.0,1973.0
10502,163,10,0.08213670268136491,0.7629017526625352,0.0014350610107980444,107.0,8343.0
10502,164,8,0.1070076643766372,0.6002500841393772,0.008030851463882271,802.0,8343.0
10502,165,8,0.10852340156874908,0.887031843215345,0.03864466207861472,802.0,1973.0
10502,167,8,0.009140451298798946,2.1209674088684194,0.011315116613220155,8342.0,1522.0
10502,168,8,0.026930519491990434,2.2450344312061947,0.0006709671102509418,8342.0,1522.0
10502,169,8,0.06992835982447339,2.169055611927412,0.0008236822031264524,8342.0,1522.0
10502,170,8,0.06819912076435584,1.822643998356643,0.017944573480357384,8342.0,1522.0
10502,171,8,0.045142326899329045,0.6603252723061726,0.211021581490769,8342.0,1522.0
10502,172,8,0.06490945842394576,0.7276245591710637,0.0057467886230764265,8342.0,37.0
10502,173,6,0.006102230990265851,3.0088781590537472,0.08175489726411733,8026.0,37.0
10502,174,5,0.0032191341435241706,0.9546420102952569,0.00016273731739246955,8327.0,37.0
10502,175,6,0.026660289454365677,0.5912672143928015,0.006545685911484966,107.0,8343.0
10502,176,6,0.04665467272207861,0.06927912633435263,0.06927912633435263,37.0,37.0
10502,177,6,0.012490486247825784,0.3635865913231968,0.0226131746735887,1973.0,916.0
10502,178,6,0.012891205645305383,0.3635865913231968,0.0226131746735887,1973.0,916.0
10502,179,7,0.03914063171103889,0.013304568892396063,0.013304568892396063,1522.0,1522.0
10502,180,8,0.0,0.0,,,
10502,181,8,0.014460742654626895,0.7597227192745999,0.020767967955230393,1334.0,916.0
10502,182,8,6.112576448987161e-11,0.0,0.0,1522.0,
10502,183,8,0.0421580669043572,1.0137825038485637,0.23800187315227106,8327.0,8134.0
10502,184,7,0.0185044874667468,0.4589139788624812,0.0011286720233569802,1339.0,1971.0
10502,185,6,1.799240430212521e-05,1.201959669423907,0.16001819768783498,1973.0,1971.0
10502,186,8,0.0,0.0,,,
10502,187,8,0.0,0.0,,,
10502,188,9,2.35975327625537e-10,0.06867852041839306,0.0,1339.0,8343.0
10502,189,9,0.01870140297362849,0.24599321228772508,0.023165594782894594,13121.0,1971.0
10502,190,9,0.03912973033896715,0.5326984250996354,0.007317902002403898,1339.0,1973.0
10502,191,7,0.13088024545416846,1.1094342011767804,0.0,13121.0,1973.0
10502,192,8,0.0543578051536886,1.501596945995253,0.0,13121.0,1973.0
10502,193,7,0.10347136572702664,2.058140020292811,0.0,107.0,8343.0
10502,194,8,0.041302485381621616,1.901139782824668,0.02852274600477145,13121.0,8343.0
10502,195,9,0.017131394310757036,2.050427581113839,0.02482410915945721,13121.0,8343.0
10502,196,7,0.05349129255012499,2.000760874951937,0.02375697013809308,13121.0,8343.0
10502,197,7,0.11797489846548541,1.5857231475175038,0.009688441708121331,13121.0,1973.0
10502,198,8,0.005662033532959725,1.1019972927937935,0.037629086838546044,13121.0,8343.0
10502,199,8,0.06755690831477949,1.398434976970523,0.009338037441108504,1334.0,8343.0
10502,200,9,0.023612818703300557,1.5405408456037701,1.5405408456037701,8343.0,8343.0
10502,201,9,0.023612818703300557,1.5405408456037701,1.5405408456037701,8343.0,8343.0
10502,204,10,0.03770564545553321,0.6689738321339718,0.08885111805858692,8026.0,8134.0
10502,205,9,0.000850678402993,0.8650706766300527,0.0,1339.0,916.0
10502,206,9,0.02135901955928292,0.44368605269659245,0.0422122324092058,8033.0,8026.0
10502,207,9,0.02942606856567829,0.4716550339981769,0.0816001776157691,8033.0,8026.0
10502,208,7,0.03592598399346618,1.2447581197576065,0.008509962162655427,8033.0,1522.0
10502,209,8,0.05269876398338313,0.9551309031427557,0.045665357794652195,37.0,8134.0
10502,210,8,0.004817110664222195,0.5736817485307206,0.5736817485307206,1971.0,1971.0
10502,211,7,0.014345606915698823,0.7467317375862823,0.0009247549248971865,802.0,1971.0
10502,212,9,0.05760116328555324,0.44676913844794974,0.005095971185124171,802.0,1973.0
10502,213,10,0.035177161139147026,1.2344172124150532,0.005184372329169573,13121.0,1973.0
10502,214,9,0.03347385500433411,1.1337928037262772,0.00148938097395801,802.0,1973.0
10502,215,8,0.07288055928260354,0.9794940262812659,0.00032790045536490453,802.0,1973.0
10502,216,8,0.0,0.5375433287520632,,,1971.0
10502,217,8,0.0,0.7639193068724879,,,916.0
10502,218,8,0.0894958253798401,0.9485488657024401,0.0767775759325664,8342.0,1522.0
10502,219,8,0.0894958253798401,0.9485488657024401,0.0767775759325664,8342.0,1522.0
10502,220,6,0.06868955810730092,0.7097842848119784,0.19351966240298335,8033.0,1522.0
10502,221,7,0.17169008753569287,0.6541514006521467,0.0315297347144643,11094.0,284.0
10502,222,8,0.03281625008918769,0.594413337133255,0.15263699304001133,1522.0,284.0
10502,223,10,0.03918071768832869,0.6364272207190096,0.00010467762663068925,8327.0,8134.0
10502,224,9,0.0,0.704464369441979,,,8026.0
10502,225,7,0.06059280596363007,1.4691827965572672,0.2430806834292003,8342.0,284.0
10502,226,8,0.11647906522362547,1.2724575927693396,0.006670894916354975,11094.0,284.0
10502,227,6,0.05523660436303765,0.8163917750527316,0.0,11094.0,1522.0
10502,228,8,0.04023644719805782,0.8883303209343314,0.0,8342.0,8134.0
10502,229,8,0.04089697383668109,0.4634668635195087,0.03329159291793182,8134.0,8026.0
10502,230,8,0.04109001483722673,3.3664186108289167,0.00914164065525025,1522.0,11094.0
10502,231,8,0.04956638494309702,3.3664186108289167,0.08654116451115712,8026.0,11094.0
10502,232,9,0.03454179551381583,0.9186054305076827,0.013188195435636096,1339.0,916.0
10502,233,8,0.012353583122838694,0.8179658596202866,0.007936145530536454,1339.0,916.0
10502,234,7,0.023858826687591417,1.0338960126272014,0.01085977357177903,13121.0,1971.0
10502,235,6,0.011014509796556795,0.02523299429613779,0.0026902587425610136,1334.0,1971.0
10502,236,9,0.015292845762547622,0.1372001482340206,0.020901972291496485,1334.0,1973.0
10502,237,6,0.00044013585749350185,0.1694171808025402,0.1694171808025402,1971.0,1971.0
10502,238,7,0.02266863989534719,0.4816381025707068,0.020615384658126068,107.0,8343.0
10502,239,9,0.015314558843116399,0.8953664615754149,0.012430256100416148,1339.0,8343.0
10502,240,10,0.030066371230481018,1.0271195156826347,0.00012983563780633034,802.0,8343.0
10502,241,10,0.035953733917957635,1.1797852800701936,0.01958811100321789,1339.0,8343.0
10502,242,10,0.052883516007958487,0.8097689124521033,0.0005603859173737291,107.0,8343.0
10502,243,8,0.01957629800591551,0.8799561035969061,0.01769921136576791,107.0,8343.0
10502,244,8,0.07901637006240515,0.8341007920857946,0.009574239049344513,802.0,8343.0
10502,245,7,0.06726660302370789,0.6173915320838663,0.004607720122807635,802.0,8343.0
10502,246,6,0.03421665132703785,0.8216667498906611,0.16064576408218656,13121.0,8343.0
10502,247,5,0.030219293466599254,0.6015661664731748,0.1313310126739058,13121.0,8343.0
10502,248,4,0.013050805224215072,0.6007062658846509,0.033497242679366046,8327.0,1522.0
10502,249,7,0.0264852427268807,0.32377042478379003,0.06254479099610322,8026.0,284.0
10502,250,7,1.9662150976537578e-06,0.036023968061046574,0.0,13121.0,8343.0
10502,251,7,0.01946779901451945,0.09139265038650457,0.0,1971.0,8343.0
10502,252,9,0.0,0.0,,,
10502,254,7,0.01119133918072265,0.13876110974180023,0.028781694679582692,8343.0,1973.0
10502,255,7,9.241026409714586e-06,0.019891734971960062,0.01044739448927956,8343.0,1973.0
10502,256,6,0.04351482600832394,1.1051703019892605,0.0,8033.0,8134.0
10502,257,8,0.08838695407025161,0.49046878349649603,0.03376600161526788,284.0,8022.0
10502,258,8,0.05639017592050234,0.49046878349649603,0.2483817900416927,37.0,8022.0
10502,259,9,0.008052777480646953,0.8231577492437505,8.855611944658115e-05,1336.0,916.0
10502,260,9,0.036896739029378914,0.8086019995734421,0.008560584120964165,802.0,8343.0
10502,261,10,0.009783033110829821,0.5701799804331023,0.10993024336798696,1334.0,916.0
10502,262,8,0.03330172578260336,0.615717946232206,0.010087407566454765,1334.0,8343.0
10502,263,8,0.05170954544374691,0.8270583280337376,0.005341944323212111,13121.0,8343.0
10502,264,8,0.0193916285665054,1.4475865887992097,0.00421894545981516,1334.0,8343.0
10502,265,8,0.0325836779039515,1.563481521501953,0.0017863173647896247,1339.0,8343.0
10502,266,8,0.03336602236575139,1.563481521501953,0.0017863173647896247,1339.0,8343.0
10502,267,9,0.033778729254116874,1.2524234418348312,0.00281843148164862,1339.0,8343.0
10502,268,8,0.0,0.4526240299280442,,,1522.0
10502,269,9,0.05122835885978975,0.6587088990129644,0.0005652714449926322,11094.0,8026.0
10502,270,9,0.04236469608255315,1.0055712454488752,0.07230521303640458,8033.0,8026.0
10502,271,10,0.024496945422423054,1.1338554578399327,0.20357554066240002,8342.0,8026.0
10502,272,9,0.029229755976603624,0.9941613341832394,0.010698354198876103,8342.0,8026.0
10502,273,8,0.00909806863662177,0.29142972823744095,0.0,8033.0,37.0
10502,274,8,0.013612026981891723,0.6795074198800517,0.6795074198800517,37.0,37.0
10502,276,7,0.03800461620860534,0.6496851170629627,0.0,8327.0,8026.0
10502,277,7,0.017764939613739695,1.4183654035117073,0.0002562798611975836,1334.0,8343.0
10502,278,7,0.017764939613739695,1.4183654035117073,0.0002562798611975836,1334.0,8343.0
10502,279,6,8.881807117385157e-06,0.0,0.0,916.0,
10502,280,7,0.06217658307683416,1.0728775117226714,0.020518317666285313,1522.0,8026.0
10502,281,8,0.0415578976410824,1.1047895582501375,0.049912589228191084,8327.0,1522.0
10502,282,9,0.044911506042822465,0.5394885574454307,0.0010596908085425127,802.0,8343.0
10502,283,8,0.015685275419120792,1.2514021473008259,0.1273581611555472,1334.0,8343.0
10502,284,7,0.08969979343161394,0.16307179500731905,0.0,8327.0,8022.0
10502,285,7,0.08969979343161394,0.16307179500731905,0.0,8327.0,8022.0
10502,286,10,0.02875084897338146,1.0108530152762878,0.08468191556757487,1336.0,8343.0
10502,287,10,0.0,0.0,,,
10502,289,8,0.04043759296707067,0.7525522842619665,0.03307304440822545,1522.0,37.0
10502,290,6,0.026889526968769596,0.08942650131003749,0.017347339731214717,8033.0,37.0
10502,291,6,0.0018648995418962737,0.8183336182817875,0.04994172469976199,37.0,8134.0
10502,292,7,0.017266603860763237,0.7896956053061688,0.01285834117915563,8327.0,8134.0
10502,293,7,0.004071817080344934,0.7896956053061688,0.7896956053061688,8134.0,8134.0
10502,294,8,0.027565211777490592,0.9257057284165242,0.0036803042320556756,11094.0,284.0
10502,295,8,0.02584827928814875,2.5672781105499514,0.18856888622613788,37.0,284.0
10502,296,7,0.005638281754462241,0.22808339758097507,0.003051669894665654,802.0,916.0
10502,298,9,0.008396607879644113,1.9293309752747199,0.00829679696849528,11094.0,8026.0
10502,299,9,0.0,0.0,,,
10502,300,9,0.12099836315463298,2.0058882555353055,0.038883410037617416,8342.0,8026.0
10502,302,9,0.03875654190036001,0.667511163449765,0.04379231039114995,8033.0,8134.0
10502,303,9,0.02157093230660036,0.7590179656060498,0.00015441001029259382,1522.0,8026.0
10502,304,8,0.024263465671155192,1.5920640096248437,0.0006724033885845415,11094.0,8026.0
10502,305,9,0.019762571772192386,1.3746698508668738,0.03202132107949396,11094.0,8026.0
10502,306,7,0.007828095459742062,1.1237019504599495,0.10474229390691647,8022.0,8026.0
10502,307,7,0.00966336884404578,0.9613984945827339,0.007250552953326661,8033.0,8026.0
10502,308,8,0.011092281680250275,0.13121894204104567,0.0,11094.0,8026.0
10502,309,7,0.03410797448527946,1.4515262366896584,0.26446776820083695,1522.0,8026.0
10502,310,8,0.049827050612328415,1.8444930047460915,0.0,8033.0,8026.0
10502,311,8,0.025860538667998242,0.5003192265233043,0.0,8033.0,8026.0
10502,312,8,0.022386326706200443,1.5282334001193583,0.22099351815121082,8342.0,8026.0
10503,0,9,0.016820065007780178,1.0175599284807042,0.15764791957134072,8420.0,9178.0
10503,1,8,7.775395119432683e-07,0.20745630819881455,0.0,11856.0,5116.0
10503,2,8,3.8694852058563767e-07,0.20745630819881455,0.0,11856.0,5116.0
10503,3,9,0.0,0.0,,,
10503,4,8,0.0008640417735381574,0.12014872169413504,0.0,453.0,5116.0
10503,5,7,9.277098821474478e-09,0.0,0.0,453.0,
10503,6,6,0.0020201670561923045,0.8966244371747543,0.10843477441277694,13821.0,13820.0
10503,7,6,0.001641186754272364,0.3142868863438286,0.050125330211381325,9178.0,5116.0
10503,8,5,0.00965464423612403,1.1424460428766348,1.1424460428766348,13820.0,13820.0
10503,9,6,0.0003755382140642656,0.5098869066531018,0.002649207265049025,449.0,8257.0
10503,10,7,0.02232407612448282,1.5880316913828774,0.007084717819151765,449.0,13820.0
10503,11,9,0.04355841600815122,1.1162555042478965,3.4735643534844485e-05,8854.0,13820.0
10503,12,9,0.026029998008588292,1.6124604430481684,0.010541793674113897,8854.0,13820.0
10503,13,8,0.06695706437008642,1.303450361227696,0.0037514166863399367,8854.0,13820.0
10503,14,10,0.05770845445014849,1.0817460486540473,0.15468642247643194,449.0,7478.0
10503,15,7,0.017778997261716965,0.6794060459147913,0.03695305926089354,13821.0,7478.0
10503,17,8,0.1294259473982962,1.5557882472877793,0.0,10715.0,9178.0
10503,18,7,0.0725824741141491,0.552630325212009,0.0,1531.0,8420.0
10503,19,8,0.036246146112917585,0.8236220326759955,0.0627470454327872,10715.0,13222.0
10503,20,8,0.03491145503232498,0.5732734365942411,0.06686503520812348,11856.0,11.0
10503,21,7,0.16840392192903397,2.5101172774156426,0.0,8854.0,8257.0
10503,22,9,0.006071496742081238,1.1574055533673757,0.0,453.0,9178.0
10503,23,9,0.03169778817268768,2.2117460555637996,0.08901841053569282,13821.0,7478.0
10503,24,9,0.06579699788734152,2.489916078820843,0.00019237310512565386,8854.0,7478.0
10503,25,10,0.035004109787173034,0.8472130355333256,0.0005629883807607428,6967.0,7478.0
10503,26,9,0.06117708435139569,0.8204544012178898,0.007653425067100983,13819.0,7478.0
10503,27,10,0.039347808813891674,1.493356151294381,0.027337445857435583,6967.0,7478.0
10503,28,8,0.09143323439135065,2.0890930802889196,1.9108855758176446e-05,8854.0,7478.0
10503,29,8,0.05068033664862574,1.4514345643874877,0.027679165142926898,13819.0,7478.0
10503,30,9,0.06397149904301237,0.7393149883570969,0.010362467891564364,8854.0,7478.0
10503,31,10,0.06750838522665838,0.7284276823752265,0.03494667303417387,8854.0,13820.0
10503,32,8,0.0952741970590114,0.6249111231773465,0.045506046270883616,8854.0,8257.0
10503,33,8,1.724787678260092e-05,0.01915714288456094,0.0,9178.0,11.0
10503,34,6,0.08279945658510474,0.34019721717699003,0.15620900319471875,449.0,8257.0
10503,35,7,0.059899373811585395,1.0785214102475118,0.13099107569256674,449.0,13820.0
10503,36,7,0.024963727576716294,0.9200025728069923,0.04222317184929736,449.0,13820.0
10503,37,8,0.04559761657580295,0.9267676802973925,0.00046880628583867434,6967.0,13820.0
10503,38,8,0.011464707946069708,0.5088855741765874,0.0,8854.0,13820.0
10503,39,8,0.01357956869809725,0.5088855741765874,0.0,8854.0,13820.0
10503,40,8,0.000508572778741661,0.012735759345277486,0.0,11856.0,11.0
10503,41,10,0.010924307422405091,0.9919163581192327,4.0883042069062014e-05,8854.0,7478.0
10503,42,10,0.024683830511060323,1.5257180141551965,0.005902456939624656,8854.0,7478.0
10503,43,10,0.021643315868800087,0.5998465719512156,0.00084521570260776,6967.0,7478.0
10503,44,7,0.0757737119200387,0.9532574532677032,0.0,13819.0,7478.0
10503,45,8,0.056549642960618644,0.6930190009396782,0.0,13819.0,13824.0
10503,46,7,0.034836746716864035,1.280270073469552,0.18352469972191976,449.0,13820.0
10503,47,6,0.04438670440578803,0.6227179717280862,0.0,13819.0,13820.0
10503,48,10,0.04057821697138078,2.7518674811398514,0.00734924234294887,13819.0,7478.0
10503,49,8,0.030573864499167932,1.1040323660930094,0.00020573576703686314,449.0,7478.0
10503,50,7,0.04675819379883166,1.230537175811576,0.19131258986030275,13815.0,7478.0
10503,51,8,0.033452097477028896,1.0792259550794707,0.012308548236322991,8854.0,13820.0
10503,52,6,0.05855779076569023,0.939645891433389,0.04395298253246427,449.0,13820.0
10503,53,6,0.03652195055021616,1.029697756258023,0.0,13819.0,13820.0
10503,54,7,0.05043085681208049,0.5286609456527893,0.06441128210873526,449.0,6967.0
10503,55,8,0.035338392057266126,1.475820227263931,0.0,8854.0,13820.0
10503,56,9,0.015441948145272475,1.6660387312151403,0.21593716444446898,13821.0,7478.0
10503,57,8,0.060919218569522454,2.1701837439480833,0.0,8854.0,7478.0
10503,58,7,0.12541333019343895,0.8105759786796565,0.0,13819.0,8257.0
10503,59,8,0.052251446734469,1.0778961664787072,0.012588204450141305,13821.0,13820.0
10503,60,7,0.035670696417341885,1.23557456205684,0.00013997284707034652,13821.0,13820.0
10503,61,8,0.04737411011824702,0.46861543242606984,0.008610097203819222,13821.0,6967.0
10503,62,8,0.05558222669650037,0.47990941304729695,0.10463711930646546,449.0,6967.0
10503,63,6,0.012873608504938346,0.17757576672537567,0.0,449.0,6967.0
10503,64,7,0.0,0.0,,,
10503,65,7,0.013427552173696814,0.2623161087465855,0.0074946760675298485,453.0,5116.0
10503,66,7,0.007719354980302434,0.2623161087465855,0.0055972800318977445,11.0,5116.0
10503,67,9,0.0,1.6211233836039396,,,13820.0
10503,68,9,0.16880778073591582,0.6355433838775957,0.029859228629113943,8854.0,13820.0
10503,69,10,0.028082222409571235,0.5124575356586138,0.18038552656696272,13819.0,13820.0
10503,70,9,0.0542315973817943,0.8624042603419149,0.023509178532211905,8854.0,13820.0
10503,71,8,0.030553111052936847,1.4956821989309406,0.07573645999903533,13815.0,13820.0
10503,72,7,0.017917357132649213,1.0433575921054015,0.0031202567443178175,8854.0,13820.0
10503,73,8,0.05522503829542811,1.0347084602054135,0.00037884818445110824,13819.0,13820.0
10503,74,8,0.03276116076311594,1.1765723681083324,0.0,13819.0,7478.0
10503,75,8,0.03718885120945056,1.4483756988481007,0.0,6967.0,7478.0
10503,76,7,0.02687549733279008,0.4611348421949524,0.0004201682994082745,8854.0,8257.0
10503,77,8,0.06336151849685949,0.33467470920060194,0.009678545623240886,13821.0,13815.0
10503,78,9,0.03845841007881072,0.8075287249206049,0.03946098265895248,1531.0,13222.0
10503,79,9,0.0521917955590032,1.3954372929712822,0.016885270754057657,1531.0,13222.0
10503,80,9,0.006268907580523907,0.5400087399036657,0.01754908349767792,9178.0,13222.0
10503,81,9,0.03499876167915171,0.4752857377426878,0.043236022830893894,13815.0,13824.0
10503,82,9,7.361702613533304e-07,0.0,0.0,5116.0,
10503,83,9,0.0100785360907683,0.16615258732040594,0.0,13821.0,7478.0
10503,84,9,0.0100785360907683,0.16615258732040594,0.0,13821.0,7478.0
10503,86,10,0.04582105736000006,1.5983824628821282,0.02146445652985296,13821.0,7478.0
10503,87,9,0.026305600348540542,2.303816926048169,0.010357543088538534,449.0,7478.0
10503,88,9,0.09740135573685839,1.4698036359349445,0.02349338506899379,13819.0,7478.0
10503,89,9,0.04981522697002153,0.9463228785884512,0.013241552370717002,8854.0,13820.0
10503,90,9,0.07251582398517702,1.4470486711793757,0.00644143091492122,13819.0,7478.0
10503,91,8,0.07775764252676377,0.6423977027131675,0.031068745189787528,8854.0,7478.0
10503,92,10,0.04692501009698897,0.7165587276709413,0.004106942493310228,13819.0,13820.0
10503,93,8,0.04671486804786686,0.7329922750692539,0.032507660045710374,6967.0,7478.0
10503,94,8,0.04030435353576416,1.2542265344710604,0.023461626200969476,13819.0,7478.0
10503,95,10,0.028430461882114035,0.9767737406139965,0.005753330238799315,13819.0,7478.0
10503,96,10,0.07976017263274136,0.9791052486559195,0.003989510494102788,13819.0,13820.0
10503,97,10,0.022504184581325082,0.925964649628205,0.008301780171156459,13819.0,13820.0
10503,98,7,0.06268315865919148,1.1665926822298238,0.09069808146099412,449.0,13820.0
10503,99,8,0.038923848707594945,0.9574861981431169,0.11102735399968511,449.0,13820.0
10503,100,6,0.0060155334343352735,1.3627684419355988,0.11863056093989321,449.0,13820.0
10503,101,8,0.06018589452844325,1.0987799918960586,2.6567348476724817e-06,9178.0,11.0
10503,102,9,0.06834386844067024,1.1485309877728689,0.007573829055228742,8854.0,13820.0
10503,103,7,0.08256126331060018,1.1647592143213323,0.01711343186928005,8854.0,13820.0
10503,104,9,0.047700352616888035,1.46422569052877,0.0,13815.0,13820.0
10503,105,10,0.040010340973704574,2.089247096979551,0.0,13819.0,7478.0
10503,106,10,0.029859673005957422,0.7797733350553262,0.0,6967.0,7478.0
10503,107,8,0.042012108857486956,1.625946745277239,0.0,8854.0,7478.0
10503,108,7,0.022887087038883876,0.46891910335627784,0.0,449.0,6967.0
10503,109,7,0.030202830890337717,0.04037051101030542,0.04037051101030542,13824.0,13824.0
10503,110,7,0.029512193712747,0.4308185858293747,0.008073867698849213,6967.0,13820.0
10503,111,7,0.011819486295502678,0.025769982305076766,0.0,449.0,13820.0
10503,112,7,0.05504459301439501,0.737382198437575,0.02205734377807378,13819.0,13820.0
10503,113,9,0.10022728799996658,2.9058003446593146,0.02974396371515109,13819.0,7478.0
10503,114,8,0.04136303522452323,1.4055818158202493,0.04657907149292573,6967.0,13820.0
10503,115,8,0.03626316828325221,1.241289835815552,0.010698482127565079,449.0,13820.0
10503,116,8,0.08167201153803884,0.9504736277121824,0.009811935534600913,8854.0,8257.0
10503,117,9,0.05114909717387784,0.9782456758597924,0.30682723889109553,6967.0,7478.0
10503,118,9,0.03760255189383535,0.9975150508250819,0.0,6967.0,13820.0
10503,119,7,0.07566787676637975,0.11645399467741768,0.0,449.0,13820.0
10503,120,7,0.07566787676637975,0.11645399467741768,0.0,449.0,13820.0
10503,121,8,0.032417608015258934,1.1013309230527124,0.0,6967.0,8257.0
10503,122,8,0.026090504530555156,1.1824361674637984,0.009610177566981903,449.0,13820.0
10503,123,8,0.10058707201549359,1.073754251558995,0.008992389156553315,8854.0,13820.0
10503,124,10,0.041836437781598165,1.15215581794107,0.0,8854.0,13820.0
10503,125,10,0.03519995653059707,1.3221581975224126,0.05657415193863269,449.0,13820.0
10503,126,10,0.0,0.9549090592909586,,,13820.0
10503,127,8,0.14049105064373535,1.7504091396333257,0.0,449.0,7478.0
10503,128,8,0.028952463159927173,2.3293344001918417,0.07663541509251459,13821.0,7478.0
10503,129,6,0.06025119449693604,0.5714614616614515,0.004083122446108867,6895.0,11.0
10503,130,7,0.03913361906619171,0.4392959101068259,0.0452978982687231,1531.0,8420.0
10503,131,7,0.027597127582702392,0.4047213842215669,0.02125369407882527,6895.0,8420.0
10503,132,10,0.008069323449497734,0.033558664231899016,0.033558664231899016,13222.0,13222.0
10503,133,8,0.043726983774609596,0.7104360735162878,0.04551908018496764,13821.0,8257.0
10503,134,8,0.02766102888570462,1.4867133698020547,0.01938232819580854,13821.0,8257.0
10503,135,7,0.04036484549541532,0.9325375742533311,0.3155318334036208,6967.0,7478.0
10503,136,8,0.055976444446387816,1.983858259751817,0.17314012084313113,13821.0,7478.0
10503,137,8,0.01851597229455266,1.472242413877976,1.974152965278364e-05,449.0,7478.0
10503,138,9,0.017489611997558344,0.4933686830391526,5.1487851222553616e-06,1531.0,9178.0
10503,139,9,0.010120405460667121,0.9353135231002678,0.05737344661799204,453.0,9178.0
10503,140,8,0.030561193781507262,1.5586617088931138,0.0,449.0,7478.0
10503,141,8,0.029410658181004162,1.5586617088931138,0.0,449.0,7478.0
10503,142,8,0.08292025881748562,0.8797711804927779,0.04294936121393089,8854.0,7478.0
10503,143,8,0.04259542075343727,0.7258956951958471,0.06668873158803912,13821.0,8257.0
10503,146,10,0.02693044504249265,0.6949350227630897,0.005222667161974837,6895.0,5116.0
10503,147,10,0.02693044504249265,0.6949350227630897,0.005222667161974837,6895.0,5116.0
10503,148,9,3.956195921333555e-12,0.0,0.0,7478.0,
10503,149,8,6.913144588201997e-11,0.3731242380377271,0.0,449.0,13824.0
10503,150,8,0.003802449222987937,0.6011270190510363,0.0,8854.0,13820.0
10503,151,9,0.13617749152695147,0.7100624369922741,0.023579793147829875,8854.0,13815.0
10503,152,8,0.05878891810432664,0.8898949781470549,0.45888865135429135,13819.0,13815.0
10503,153,8,0.045124062243432204,2.1064887451198793,0.0,6967.0,7478.0
10503,154,7,0.04360059445987387,0.11436521766916385,0.01183752944351113,6967.0,7478.0
10503,155,8,0.035014266998135715,0.042792380181829515,0.013444123535101937,13819.0,13820.0
10503,156,6,0.032469048263646536,0.18971055900147604,0.18971055900147604,7478.0,7478.0
10503,157,9,0.06885719925612648,0.5209496274648338,0.0,8854.0,6967.0
10503,158,9,0.05008221976444106,0.6125980967712561,0.0,13821.0,6967.0
10503,159,7,0.08386324356815142,0.5258021457535804,0.18549121460898732,449.0,13824.0
10503,160,8,0.08761476507527732,0.6584141792578677,0.0418149747254013,449.0,6967.0
10503,161,7,0.05287180722207953,0.25205611306218856,0.25205611306218856,6967.0,6967.0
10503,162,7,0.051379889113179845,0.17775774219046525,0.17775774219046525,6967.0,6967.0
10503,163,7,0.051379889113179845,0.17775774219046525,0.17775774219046525,6967.0,6967.0
10503,164,8,0.019482146241626933,0.04022533163665898,0.0,13819.0,8257.0
10503,165,5,0.03327166715296246,1.660443728420261,0.03255152831684516,449.0,13820.0
10503,166,4,0.03465353681647857,0.07335922661993699,0.07335922661993699,13820.0,13820.0
10503,167,4,4.7307343386265605e-14,0.009858956197787982,,,11.0
10503,168,7,1.3949974292764862e-08,0.32543620484860103,0.00019508400671153225,453.0,11.0
10503,169,5,4.252346893254719e-14,0.017874988611791043,,,11.0
10503,170,5,5.079471864682367e-08,0.017874988611791043,0.0006532323614787394,5116.0,11.0
10503,171,6,0.005736875200908265,0.10763204686157302,0.04338068535808404,8257.0,13815.0
10503,172,6,0.11725077901678559,0.10763204686157302,0.0,449.0,13815.0
10503,173,8,0.07007366010426551,1.596146683147584,0.0,13819.0,13820.0
10503,174,8,0.02285315250557174,1.1468212031077298,0.017667211269161598,13821.0,13820.0
10503,181,10,0.044449728004683345,1.1697453379865577,0.0003304528269545415,1531.0,9178.0
10503,182,10,0.036653641279551105,1.0277647285284832,0.43786671112060915,8420.0,9178.0
10503,183,10,0.052510869205247585,1.139862330702325,0.015193075361457531,10715.0,9178.0
10503,184,9,0.037044094594383514,1.3275971375340596,0.006072070536959018,453.0,9178.0
10503,186,9,0.014932029357263508,0.629965796861272,0.004418884130723555,8854.0,7478.0
10503,187,10,0.08091236519957283,3.7959677447417937,0.04444923641054377,6967.0,13820.0
10503,188,8,0.02546113785695451,0.6470964241948227,0.03987951490644637,449.0,13824.0
10503,189,8,0.018513125445418156,1.1357930815311397,0.4074648027539247,13824.0,13820.0
10503,190,8,0.001946439039662226,2.053072435465684,0.016254585212341688,9178.0,13222.0
10503,191,8,0.001946439039662226,2.053072435465684,0.016254585212341688,9178.0,13222.0
10503,192,8,0.006904082470282569,1.553933699997978,0.07894860066146459,13824.0,13820.0
10503,193,8,0.00022729962440955266,1.289183874967116,0.1040005608660377,13824.0,13820.0
10503,194,7,0.02441596174016179,0.07843164007859649,0.00011222123469778467,6967.0,13815.0
10503,195,9,0.042875474605669144,0.8900207510979072,0.00023820704279309268,13819.0,13820.0
10503,196,10,0.03685610260099925,1.0841149695705372,0.34523068209749574,6967.0,13820.0
10503,198,10,0.08299039940620645,1.5290902856015034,0.03824464027544394,453.0,9178.0
10503,199,10,0.10461754987805812,0.949494256467335,0.01321938905260378,453.0,11.0
10503,200,8,0.04797858136136296,1.0864224897272976,0.1519301675333491,11856.0,5116.0
10503,201,7,0.019716573125115128,1.9867708219642806,0.12476245511549866,8257.0,13820.0
10503,202,7,0.019403300689607054,1.9867708219642806,0.12476245511549866,8257.0,13820.0
10503,203,8,0.004023238079846706,2.114155274017695,0.0004597475319689792,6895.0,5116.0
10503,204,8,0.019797629221595947,0.3971960239949359,0.004175050536617597,13819.0,13820.0
10503,205,8,0.010353862487903074,0.3971960239949359,0.004175050536617597,13819.0,13820.0
10503,206,8,0.004865456577033408,0.3971960239949359,0.3971960239949359,13820.0,13820.0
10503,207,8,0.017473658590494344,1.945888549260487,0.745314084269407,8257.0,7478.0
10503,208,8,0.012487936084009893,1.945888549260487,0.745314084269407,8257.0,7478.0
10503,209,9,0.04075411222455092,1.2847853677750676,0.11840198362576349,13821.0,7478.0
10503,210,10,0.00369812283959881,1.7009806621385333,0.3579344341669901,13815.0,7478.0
10503,211,9,0.003001373814797399,0.6891860122547535,0.0,1531.0,9178.0
10503,212,9,0.006258713937892807,0.6014642786738857,0.6014642786738857,7478.0,7478.0
10503,213,9,0.004833567364912053,0.6891860122547535,0.0,1531.0,9178.0
10503,214,8,1.819699404607442e-11,0.06698740461775099,0.0,13819.0,7478.0
10503,215,8,0.07622286178068152,0.6851791783705705,0.0,6895.0,9178.0
10503,216,8,0.0651845458338952,2.666602501295369,2.6173609470880876e-05,449.0,7478.0
10503,217,9,0.051532757169728036,1.4306683100137683,0.48347400704547727,13815.0,7478.0
10503,218,9,0.01955881479857142,1.8627660934946428,0.0,13819.0,7478.0
10503,219,8,0.0045511784193362015,0.4633007164304477,6.983517391034866e-06,8854.0,8257.0
10503,220,6,0.13720209620582385,0.9363522193229397,0.0,13821.0,13820.0
10503,221,7,0.06762299251188371,1.578266297083946,0.075627400204068,449.0,13820.0
10503,222,9,0.07914501264118923,1.7542031470343913,0.0,8854.0,7478.0
10503,223,10,0.06302070659311139,1.5405876608309406,0.03288702616593575,8854.0,13820.0
10503,224,8,0.04149237821077927,1.392831538510766,0.1256590463264331,13821.0,13820.0
10503,225,10,0.09276714141772617,1.3080732736742915,0.05750908008399769,6967.0,13820.0
10503,226,9,0.06609453078978077,1.0901934992729014,0.08190619840400792,449.0,7478.0
10503,227,8,0.009166186926680399,1.2593916707950825,0.19501517351841358,13821.0,7478.0
10503,228,8,0.009166186926680399,1.2593916707950825,0.19501517351841358,13821.0,7478.0
10503,230,9,0.048380708049702584,1.0814860937030648,0.02751990406810023,1531.0,9178.0
10503,231,7,0.02625804357439948,0.7082175672910367,0.15170697855368154,11856.0,9178.0
10503,232,8,0.005969350356793331,0.9141149509297284,0.030448047763078634,9178.0,13222.0
10503,233,9,0.07097380374506013,0.6254215534800021,0.007744810801010971,453.0,13222.0
10503,234,9,0.05899875584966775,1.532770040220477,0.0012401919024700447,1531.0,9178.0
10503,235,9,0.04042946378770598,1.7369282346417698,0.004089235338121,1531.0,9178.0
10503,236,9,0.0,1.1394999968708541,,,9178.0
10503,238,7,0.0839876455104999,1.5319418003855452,0.008992389156553315,449.0,13820.0
10503,239,7,0.08922363767027279,1.717954593405934,0.0,8854.0,13820.0
10503,240,8,0.04047846928498581,1.4811425233823616,9.924049211207375e-05,8854.0,13820.0
10503,241,10,0.0,1.0303772305796013,,,7478.0
10503,242,10,0.060649094303594005,1.521846452232566,0.006367962427573204,8854.0,13820.0
10503,243,10,0.04276001358030505,1.4271317286298313,0.007541028496403257,13821.0,13820.0
10503,244,9,0.046959408786427556,1.0866072661484472,0.031439614128280446,8854.0,13820.0
10503,245,8,0.04512519099613244,0.7531595874812345,0.1325275347520165,449.0,7478.0
10503,246,10,0.04407107588545474,0.8565205461681327,0.015458370996322301,13821.0,13820.0
10503,247,6,0.06167207327321328,0.6093829341601191,0.007721289749764715,449.0,6967.0
10503,248,6,0.06167207327321328,0.6093829341601191,0.007721289749764715,449.0,6967.0
10503,249,6,5.672728202980725e-08,0.22834686305067553,0.0,6895.0,5116.0
10503,250,9,0.04430092065842134,0.8913414735380805,0.004656200420974699,8854.0,13820.0
10503,251,9,0.0415329976581447,0.9156065408297147,0.00032639611212115227,13819.0,7478.0
10503,252,8,0.07680668144003518,1.2811753953176535,2.4575997868758748e-05,8854.0,7478.0
10503,253,9,0.02132676169411614,1.813547335878468,0.09214757831156284,13821.0,7478.0
10503,254,8,0.040971361409292334,1.2927351385216932,0.133070427868895,13815.0,7478.0
10503,255,8,0.024760495745012462,1.4306806054828574,0.06762987775498797,449.0,13820.0
10503,256,7,1.0938462537325598e-06,0.833092189506405,0.007444740275177608,1531.0,5116.0
10503,257,7,1.7694299313754388e-07,0.6197922638050581,0.00013305388575535204,11856.0,5116.0
10503,258,9,0.012381483496165559,0.9285570352362793,0.008607852506756775,453.0,5116.0
10503,259,10,0.029166312337999854,1.6391489928734035,0.02607320240773081,449.0,13820.0
10503,260,8,0.010298137276155412,0.6041187049471928,0.3180330502090909,6967.0,13824.0
10503,261,8,0.010298137276155412,0.6041187049471928,0.3180330502090909,6967.0,13824.0
10503,263,10,0.0601524568368262,1.6171657507266133,0.012152158989318096,13819.0,7478.0
10503,264,9,0.1148037914250307,1.2060660140885213,0.0,13819.0,13820.0
10503,265,10,0.04296115915324535,1.0419787586289697,0.008584203246551958,13819.0,7478.0
10503,266,8,0.06456779112080013,1.0623913881039329,0.027827696794639145,449.0,7478.0
10503,267,8,0.03965207493728061,0.8321784588835204,0.15803130886286976,13821.0,7478.0
10503,268,8,0.021852533599599676,1.7774964697347455,1.7774964697347455,7478.0,7478.0
10503,269,8,0.015692586840744618,1.7774964697347455,1.7774964697347455,7478.0,7478.0
10503,270,8,0.007745892348929801,1.794285390699649,0.00021944638276139017,8854.0,7478.0
10503,271,8,0.07306822040583777,0.6813162612796351,0.06680246008400204,6967.0,7478.0
10503,272,8,0.06582773317336438,0.5221106613173276,0.11205649618204205,449.0,6967.0
10503,273,8,0.06220820116912133,0.7067762576385341,0.010157859913048739,13819.0,7478.0
10503,274,8,0.11092133686059054,1.9375685523818014,0.0,449.0,13815.0
10503,275,9,0.0036668907849605565,1.020285837574784,0.014733610080460091,1531.0,5116.0
10503,276,9,0.12020332587601744,1.0055977327965726,0.0918963587038677,13821.0,13815.0
10503,277,7,0.11247392474500112,1.6502416577197039,0.0,13819.0,13815.0
10503,278,7,0.0056948092493046545,0.9944426613855946,0.014000083803191288,449.0,7478.0
10503,279,7,0.04104572063690908,2.47854077336995,0.0,449.0,7478.0
10503,280,9,0.09502490532818789,0.8744032237484358,0.0,13819.0,13820.0
10503,281,8,0.10124885132393964,0.6933137536156817,0.0,13819.0,13820.0
10503,282,7,0.043067036318570874,0.7617567969649084,0.0,13819.0,13820.0
10503,283,8,0.0,1.0502671789079763,,,7478.0
10503,284,7,0.09173215193149117,1.3247669129192499,0.0,8854.0,13820.0
10503,285,9,0.08590921652707566,0.3674472496641723,0.04597153489377526,6967.0,7478.0
10503,286,9,0.03952394715035645,1.340047727024352,0.0,13819.0,7478.0
10503,287,9,0.062398328965736424,1.6910338008893007,0.0,13819.0,7478.0
10503,288,9,0.02940287674272175,1.27128104907802,0.29984143393358487,13815.0,7478.0
10503,289,8,0.015258214078294818,0.2927272761197912,0.0,13821.0,7478.0
10503,290,8,0.027112742718448886,0.2927272761197912,0.0,6967.0,7478.0
10503,291,9,0.018276661093750327,0.4792657178311899,6.92068390346634e-05,8854.0,7478.0
10503,292,8,0.08079018942495748,0.8967485472361432,2.3367539277785454e-05,13819.0,7478.0
10503,293,9,0.034995923671225115,2.2939897887310003,0.012815208631156594,6967.0,7478.0
10503,294,8,0.02394694917425068,2.557027346493987,0.013304568892396063,13821.0,7478.0
10503,295,9,0.02546303321083455,1.7159388091642214,0.21259054728412252,13815.0,7478.0
10503,296,8,0.032701838288591294,0.3210813408533628,0.0,449.0,7478.0
10503,297,6,0.02723516176023197,0.822787124374023,0.21143703150660897,449.0,13824.0
10503,300,8,0.0348962188729335,0.8851144534991011,0.1439596354402477,8420.0,9178.0
10503,301,7,0.012329948906885125,1.3561392432487223,0.003908121517230079,11856.0,9178.0
10503,302,7,0.19407991921802492,0.5102232650139094,0.0,449.0,7478.0
10503,303,7,0.007648537534124004,0.5102232650139094,0.5102232650139094,7478.0,7478.0
10503,304,9,9.964259930545558e-15,0.0,,,
10503,305,9,0.0,0.0,,,
10503,306,9,0.0021056427293224093,0.0,0.0,7478.0,
10503,307,7,0.05374375277588227,0.17961873872334877,0.06192468223092007,8257.0,13820.0
10503,308,8,0.01067015027957589,0.578977311188356,1.2526647276356329e-05,6895.0,5116.0
10503,309,8,0.036093624228988194,0.5100187144860664,0.0027294538496098752,10715.0,13222.0
10503,311,6,0.03519278770457976,0.1396431607192028,0.0,13821.0,13820.0
10503,312,8,0.13103373946440278,1.4356377214437455,0.0,8854.0,13820.0
10503,313,7,0.06953537348716958,1.366595594809839,0.10315650873702609,13821.0,13820.0
10503,314,8,0.0353979405437328,1.0316515163806557,0.0,449.0,13820.0
10503,315,7,0.051866736502760184,1.2039677447715889,0.0,13819.0,13820.0
10503,316,7,0.0774506123434713,1.2068448811390873,0.0,13819.0,13820.0
10503,317,7,0.04129870369908889,0.9276701757421506,8.482434049383869e-06,8854.0,7478.0
10503,318,7,0.06532781509222786,0.9643292692612109,0.003342750614413248,13819.0,13820.0
10503,319,9,0.039962656256329186,1.0747382589870558,0.04528405868422247,449.0,13824.0
10503,320,10,0.0014962259091006918,0.3185889920206888,0.03419159126854332,5116.0,11.0
10503,321,10,0.0014908153728670855,0.3185889920206888,0.03419159126854332,5116.0,11.0
10503,322,9,0.04849989996300277,1.3962730335035332,0.08988740073807211,5116.0,9178.0
10503,323,9,0.007360360243648029,2.285470584907989,0.725328689216779,11.0,9178.0
10503,324,9,0.014497437190001334,0.6517233875073938,0.135842914941116,6895.0,11.0
10503,325,8,0.0615402957467603,0.21309372698345008,0.0,6895.0,9178.0
10503,326,8,0.3285921763770492,1.6486995246239413,0.008442592097608781,5116.0,9178.0
10503,327,6,0.0,0.0,,,
10503,328,6,0.0,0.0,,,
10503,329,9,0.016454015541515713,0.5416613557356258,0.019131591306338347,13820.0,7478.0
10503,330,9,0.07291754088292385,0.6163764793328936,0.035167918162563705,13819.0,13820.0
10503,331,8,0.0372195748844989,1.1308986432842656,0.013305093799471646,8854.0,13820.0
10503,332,8,0.032625870194884866,1.6663896879955873,0.21591147293365331,449.0,13820.0
10503,333,7,0.036962616228522926,0.682239936518787,0.013563387777324465,449.0,7478.0
10503,334,7,0.06657820638919408,1.4278500700093866,0.002053324485625563,8854.0,13820.0
10503,335,6,0.01237831380815363,0.37128956149834913,0.015528856464565699,11856.0,13222.0
10503,336,6,0.01237831380815363,0.37128956149834913,0.015528856464565699,11856.0,13222.0
10503,337,7,0.029124030955195813,1.3320559544750905,0.013580975962089958,11856.0,6895.0
10503,338,7,0.027256903956837202,1.5597836366060225,0.3977039424450908,5116.0,6895.0
10503,339,8,0.015578689719445475,1.7757523319055064,0.43210039433890657,6895.0,5116.0
10503,340,9,0.005658484910070839,1.1567722075584816,0.9734980615468851,13820.0,8257.0
10503,341,9,0.005631552517028404,1.1567722075584816,0.9734980615468851,13820.0,8257.0
10503,342,9,0.001180347907826487,1.3443265880734452,0.09292238618100512,6967.0,13820.0
10503,343,9,0.012210438799324288,1.5933584054073568,0.10109162376175451,6967.0,13820.0
10503,344,8,0.02985097966765951,1.4121880672382003,0.04646775912221379,6967.0,13820.0
10503,345,9,0.00488686549952501,0.9077930817945448,0.08432191366575115,13821.0,13820.0
10503,346,9,0.0,1.312567748622186,,,7478.0
10503,347,8,0.034035125472875356,1.4411703871361592,0.021637762766276936,6967.0,7478.0
10503,348,10,0.03521050515797044,1.4424908204669897,0.039916675008615954,13824.0,7478.0
10503,349,8,0.04058157724358665,1.5188978597677139,0.0,449.0,7478.0
10503,350,9,0.026362409734688452,1.6380444486312502,0.0,8854.0,13820.0
10503,351,7,0.009046208421592128,1.4945813386541307,0.10028796600539991,6967.0,13820.0
10503,352,7,0.057558182628953646,1.6180487413200648,0.0,8257.0,13820.0
10503,353,7,0.09128426934411264,0.7102877933639471,0.02726964386362507,449.0,13820.0
10503,354,6,0.018939254271458244,1.0086015078391846,0.0,449.0,13820.0
10503,355,7,0.01297377683099187,0.6788514316588281,0.021906720002578428,453.0,13222.0
10503,356,9,0.007993236710440006,0.824629919045399,0.02505357708587108,453.0,13222.0
10503,357,7,0.01210601438915037,0.57634458655372,0.04707922813809606,13222.0,9178.0
10503,358,9,0.013198322002347166,1.2739238038493,0.009574058818665243,6895.0,9178.0
10503,359,7,0.001503306559378873,1.1095858613690202,0.0003991809672854174,6895.0,9178.0
10503,360,8,0.06918751661679985,2.9034745574432836,0.012697666881846814,13820.0,7478.0
10503,361,8,0.06928938641411309,2.9034745574432836,0.012697666881846814,13820.0,7478.0
10503,362,6,0.005798534838903986,0.9331502805256302,0.03332309248342247,11.0,9178.0
10503,363,7,0.0021248631595458716,1.2737016364757974,0.023679049908334804,13821.0,7478.0
10503,364,6,0.035603949922455205,0.7559087955695052,0.0,13821.0,13815.0
10503,365,8,0.046475088550491074,0.8723621782870925,0.017030112319570634,6967.0,13820.0
10503,366,9,0.02050430791140325,0.7472450782629085,0.0585754036181374,8854.0,13820.0
10503,367,9,0.018254699565017803,0.7946601715952717,8.951041202553967e-05,13815.0,7478.0
10503,368,10,0.04101648903410936,0.714470866858262,0.1428361766755355,449.0,13820.0
10503,369,8,0.07584857346444981,1.164779927597463,0.019211496170880693,449.0,7478.0
10503,370,10,0.0635928720486785,0.7023139585901461,0.006674341514569804,8854.0,7478.0
10503,371,10,0.0714368094967249,0.7220278260221376,0.1575016466876784,449.0,13820.0
10503,372,7,0.03764013932088992,0.8807141778198231,0.0308710948569626,449.0,7478.0
10503,373,9,0.030406803219550013,1.1017312506146846,0.02063594733869678,13821.0,7478.0
10503,374,9,0.03384025320877548,1.679761609310769,0.0,13819.0,13820.0
10503,375,9,0.03173172266754291,1.8121925987319285,0.0,13821.0,13820.0
10503,376,7,3.616864598773628e-07,0.0,0.0,13815.0,
10503,377,7,1.2290574657203857e-07,0.0,0.0,13815.0,
10503,378,6,0.0011076986666496253,0.47208019821681946,0.027041648348103298,11856.0,5116.0
10503,379,6,0.0009725739329870391,0.47208019821681946,0.027041648348103298,11856.0,5116.0
10503,380,6,0.009097590617639192,0.5210854878128686,0.17229876168860025,1531.0,13222.0
10503,381,8,0.02972789175761913,0.7569518761518017,0.000561377929459983,8420.0,13222.0
10503,382,6,0.06548076007771579,0.5951968929827292,0.001848229885862196,8420.0,9178.0
10503,383,10,0.04784799094717197,0.9223641647923735,0.015645810936796956,6895.0,9178.0
10503,384,9,0.06558631488810933,1.0609505079973998,0.001951336947397131,10715.0,9178.0
10503,385,9,0.041068263969602475,1.0206800467696384,0.26731196418085634,8420.0,9178.0
10503,386,9,0.03281321943979173,1.039036700202339,0.0008426572147763878,10715.0,9178.0
10503,387,10,0.041721642167105555,1.258031815300023,0.1679711484146491,453.0,9178.0
10503,388,10,0.06507964571972791,0.991369989128863,0.004689245883687576,453.0,9178.0
10503,389,10,0.04272729674625203,0.3609515762746156,0.03391187170501908,6895.0,13222.0
10503,390,9,0.05194057983632579,1.9695756471512693,0.01926984708871693,6895.0,13222.0
10503,391,10,0.011838870579845125,2.264759875271671,0.04633109225957721,11856.0,13222.0
10503,392,9,0.03376081446218826,1.4153694684260483,0.2938465591282551,6895.0,13222.0
10503,393,8,0.04439097285035427,0.9498482270282365,0.010666208636479269,11856.0,13222.0
10503,394,9,0.10206486014412419,1.4132019018366924,0.0008767804715628102,453.0,13222.0
10503,395,8,0.08798513961706861,0.6470350689754785,0.000647076826496118,10715.0,13222.0
10503,396,8,0.09313905007860263,0.45319984706692473,0.0007444230519064732,1531.0,9178.0
10503,397,8,0.021795243056441753,1.1215059367719586,0.05437549337300407,10715.0,9178.0
10503,398,7,0.07048277169551734,0.9964310866454404,0.02944877996066797,10715.0,9178.0
10503,399,9,0.03260530733372931,0.7493994178829015,0.014807355079940354,10715.0,9178.0
10503,400,9,0.04989992556231161,0.7512234518894649,0.008483661918779362,10715.0,9178.0
10503,401,8,0.020358964517817046,0.6335766715355575,0.08305835235596248,453.0,11.0
10503,402,8,0.04354736006713297,0.5399650288073028,0.013430273649318814,453.0,13222.0
10503,403,7,0.0,0.6853831683784346,,,9178.0
10503,404,9,0.022062992357402895,1.2332914240160942,0.20088470802443803,6895.0,13222.0
10503,405,10,0.04560704584834961,0.9761973101451895,0.00012109103674973198,11856.0,13222.0
10503,406,10,0.0,1.9631001908467223,,,9178.0
10503,407,6,0.11311880955614051,0.9000692943704633,0.01434240206451598,1531.0,8420.0
10503,408,7,0.045308831031790786,0.8163123936301231,0.002499630631128902,6895.0,8420.0
10503,409,8,0.04428706410715663,1.1157396734981857,0.006677911661299163,453.0,13222.0
10503,410,8,0.04954321163670792,1.2796089561164878,0.1064332280369431,6895.0,13222.0
10503,411,7,0.030325586163041502,1.279083907904556,0.009974622735106742,8420.0,13222.0
10503,412,7,0.04279335000697372,0.8316936824497532,0.0001322147781293026,453.0,13222.0
10504,0,10,0.012811026396219557,0.5288530857477216,0.0,668.0,12820.0
10504,1,9,0.025213844173253883,0.6033536728684137,0.18748667103228023,9939.0,13848.0
10504,2,8,0.03035278097628301,0.6538591506444051,0.009621495938867852,9939.0,12766.0
10504,3,7,0.007983322780269187,1.1047819565750494,0.0,3888.0,8583.0
10504,4,7,0.008985242945733411,1.1047819565750494,0.0,3888.0,8583.0
10504,5,7,0.007092607286416024,0.8560645480324744,0.01576929666189919,1534.0,8583.0
10504,6,7,0.0015696353298828424,0.0,0.0,12820.0,
10504,7,7,0.0013232679495602043,0.0,0.0,12820.0,
10504,8,8,0.0237312064895617,0.39927302791454267,0.0,12514.0,1896.0
10504,9,8,0.026673100697964816,0.39927302791454267,0.0,12514.0,1896.0
10504,10,8,0.026673100697964816,0.39927302791454267,0.0,12514.0,1896.0
10504,11,6,0.6303128159538637,0.4169948530612153,0.3906853381631059,1896.0,12514.0
10504,13,9,0.0006036874437755298,0.9810401774020603,0.0006589992826615543,12820.0,12766.0
10504,14,9,0.0006716695833410565,0.9810401774020603,0.0006589992826615543,12820.0,12766.0
10504,15,7,1.965106487035982e-08,0.0,0.0,13848.0,
10504,16,7,0.014878994388736699,1.257049649694955,0.04496248965485794,3888.0,1789.0
10504,18,9,0.026673524711046066,1.0009508662359794,0.032256460293282885,11113.0,12766.0
10504,19,10,0.018665627952531263,1.280236041215427,0.010655967817291945,668.0,12766.0
10504,20,10,0.028705548006565818,0.9281573517866288,0.033003401463156834,11113.0,1896.0
10504,21,9,0.04477142430022087,0.545748101665164,0.001365169951077938,11113.0,1896.0
10504,22,9,0.06132893726973958,0.545748101665164,0.24727880376475575,12514.0,1896.0
10504,23,9,0.004686101047959482,0.545748101665164,0.001365169951077938,11113.0,1896.0
10504,24,9,0.012754715780600976,0.545748101665164,0.03506951639750833,13850.0,1896.0
10504,25,8,0.0,0.7238086653220979,,,12766.0
10504,26,8,0.0,0.0,,,
10504,27,7,0.06982854278138619,0.8377471481911489,0.026783144590944108,8054.0,1789.0
10504,28,9,0.013217187198624766,0.9761756190636905,0.028281595238999202,3888.0,1789.0
10504,29,8,0.36871250509108683,3.8759505895207553,0.03186118817529682,11113.0,12766.0
10504,30,8,0.09632105585115511,3.7562717755043202,0.043380685358080484,11113.0,12766.0
10504,31,8,0.2977731642909531,0.38162403320751004,0.037677187554159275,13850.0,9939.0
10504,32,8,0.2977731642909531,0.38162403320751004,0.037677187554159275,13850.0,9939.0
10504,33,8,0.0,0.38162403320751004,,,9939.0
10504,34,8,0.13621352949119542,1.7016848679423617,0.027372011303311794,12820.0,1896.0
10504,35,7,0.006779150446325518,0.538551835421651,0.059330185422239445,3888.0,1675.0
10504,37,6,1.7619443196928344e-14,0.0,,,
10504,38,6,1.7619443196928344e-14,0.0,,,
10504,40,6,0.03911744335486074,0.824517869689954,0.03637332250835623,12514.0,1896.0
10504,41,8,0.0050787884689283275,0.25817483263718977,0.25817483263718977,1896.0,1896.0
10504,42,8,0.0050787884689283275,0.25817483263718977,0.25817483263718977,1896.0,1896.0
10504,43,9,0.016678503412276058,0.34865916839122413,0.00024828204643156937,11113.0,1896.0
10504,44,8,0.007049585627553672,1.2764946462346902,0.0,8054.0,8583.0
10504,45,8,0.033480788933683725,0.2277760934967752,0.0,1534.0,8583.0
10504,46,8,0.07326817300471511,0.4522402033175954,0.007053938117404179,8054.0,1789.0
10504,47,9,0.04529090942128346,0.3846303342649193,0.01682403871504068,3888.0,1789.0
10504,48,9,0.013771481985214514,0.31955733288680754,0.001122728582194199,1534.0,1789.0
10504,49,5,0.0,0.0,,,
10504,50,8,0.054199815394151224,0.9267158731350893,1.851135413266647e-05,11113.0,1896.0
10504,51,8,0.018689364048146275,0.8663396224141016,0.019296567777935536,12514.0,1896.0
10504,52,7,0.07160450116490955,0.6249546096680048,0.0002113536859180698,12514.0,1896.0
10504,53,7,0.0,0.0,,,
10504,54,6,0.043579169164505424,0.4695424730323836,0.0035508741719754155,4625.0,1896.0
10504,55,9,0.04759636213952218,0.6515044384299404,0.00850893735002689,4625.0,12766.0
10504,56,8,0.014110037894248246,1.05697817407769,0.09889415957675673,13850.0,12766.0
10504,57,8,0.008278737663542538,1.05697817407769,0.3734015429820401,668.0,12766.0
10504,58,9,0.020279675261114294,0.8474712006092906,0.002118350635223365,13850.0,12766.0
10504,59,8,0.029341782816834756,0.4774476899594555,0.0022232411234544003,4625.0,12820.0
10504,60,8,0.0,0.4774476899594555,,,12820.0
10504,63,9,0.015612168416475834,1.145083325481691,0.0041066749945439796,11113.0,12766.0
10504,64,9,0.024713478067115713,2.239821777538589,0.21283635844351778,12820.0,12766.0
10504,65,8,5.6608177245373275e-08,0.07327905175109661,0.0,4606.0,1675.0
10504,66,8,0.02111619078434428,0.9046777321067596,0.07063385033122138,668.0,12766.0
10504,67,7,5.165875202027531e-11,0.0,0.0,3888.0,
10504,68,6,0.029964914631289048,0.35977088886387776,0.16242948752445407,12820.0,12766.0
10504,69,7,0.0073063901135405574,0.5375853742890255,0.00021796798143913776,4625.0,12820.0
10504,70,7,6.866309636044328e-11,0.0,0.0,3888.0,
10504,71,6,0.04170144729849122,2.366171113149645,0.012126078434024912,1534.0,1532.0
10504,72,6,0.011851312147116502,2.366171113149645,0.012126078434024912,1534.0,1532.0
10504,73,8,0.048876830226021746,2.80179099219772,0.0,1534.0,1789.0
10504,74,8,0.01305349485056343,0.020672989414471488,0.020672989414471488,1675.0,1675.0
10504,75,8,0.0,0.0,,,
10504,76,9,0.0,0.6071386717278386,,,12766.0
10504,78,10,0.019277604799360595,0.8253786103284515,9.397401577793119e-06,4625.0,13848.0
10504,79,9,0.022857226413191885,0.8639098425980185,0.029909230156084377,12766.0,1896.0
10504,80,9,0.010102113600954782,0.5634992054879291,0.0007814824293719269,11113.0,1896.0
10504,81,10,0.013344723387902739,0.7275332393215805,0.000771051339237161,4625.0,12766.0
10504,82,9,0.036326640728212456,1.3248562635015446,0.0013757901593542954,12514.0,12766.0
10504,83,8,0.022868422702411018,1.7351696434264081,0.0029370429317205904,9939.0,12766.0
10504,84,10,0.042284636799900785,0.7292925660076648,0.0,113.0,1532.0
10504,85,8,9.43025029728459e-10,0.0,0.0,13850.0,
10504,86,9,0.003136976470479271,0.3960090822835589,0.062573920108278,113.0,1789.0
10504,87,9,0.06000853585000321,1.28038350369253,0.246679224863378,11113.0,12766.0
10504,88,9,0.13288445360181292,1.0106098306331575,0.2008059690062609,11113.0,12820.0
10504,89,6,0.06159668718511771,0.027671116960513942,0.013239173247448832,668.0,12820.0
10504,90,7,0.07136823974382862,0.03801816914648626,0.01185634055501339,9939.0,13848.0
10504,91,7,0.03539151197358483,0.6916488263555518,0.05769058504140823,11113.0,12820.0
10504,92,8,0.02001386161247928,1.0829027758783045,0.0,12514.0,12820.0
10504,93,9,0.001709349890090482,0.3020872124805243,0.007959277910302376,8054.0,1675.0
10504,94,7,0.014462845017949564,0.3078848500746698,0.032508397249454646,1534.0,1675.0
10504,95,8,0.28800678395708507,1.923869342657289,0.15255535622483762,13850.0,1896.0
10504,96,7,0.20801025218030533,1.2629559941373856,0.08154042552783736,13850.0,1896.0
10504,97,7,0.004259796488588105,0.2252272276474212,0.00016354150767261544,1532.0,1675.0
10504,98,8,0.006073567370650358,0.8972613574154771,0.003765746361318989,1534.0,8583.0
10504,99,6,0.04506012384791241,0.8549686080729222,0.07126399920682669,1532.0,8583.0
10504,100,9,0.10915217968167797,1.1723955042583984,0.03870121854478903,13848.0,12820.0
10504,101,9,0.10915217968167797,1.1723955042583984,0.03870121854478903,13848.0,12820.0
10504,104,7,0.04870122809009895,0.5475328268192579,0.03255281303375046,8054.0,1675.0
10504,105,9,0.04506099458046763,0.9416674013536976,0.02088064999585626,1534.0,8583.0
10504,106,9,0.06270436926595657,0.8317849759225764,0.03747332352556665,4625.0,1896.0
10504,107,9,0.03840241640658992,0.7342941964550755,0.16362523939003104,12514.0,1896.0
10504,108,9,0.027738751794826173,0.7483379832708827,0.04300022502240175,13850.0,1896.0
10504,109,8,0.02185429909981429,0.8693943207437549,0.0010287927609420322,4625.0,1896.0
10504,110,9,0.03112028324881186,0.8283471940903606,0.06484340073735506,12820.0,668.0
10504,111,10,0.03260149038029143,0.944131058254122,2.631706966305103e-05,13850.0,12766.0
10504,112,8,0.0,0.7965356750703876,,,1896.0
10504,113,10,0.05388149201179928,1.1267851943497753,0.014496096517958357,12514.0,12766.0
10504,114,8,0.03264233193004145,0.8961528443548916,0.018374410857580514,13850.0,1896.0
10504,115,10,0.010659824497775867,1.061741355996352,0.002436859590495999,11113.0,1896.0
10504,116,10,9.386438025050084e-06,0.079443519336168,0.036351068206142756,3888.0,4606.0
10504,117,8,0.014476103876147051,1.525654853651023,0.0,13850.0,1896.0
10504,118,7,0.020324775877014572,1.6164997580878833,0.0,11113.0,12766.0
10504,119,6,0.03372160497223319,1.6047028422195257,0.0,12514.0,12766.0
10504,120,7,0.030276928876214776,1.2663987541773425,0.0,12514.0,12766.0
10504,121,6,0.04828861464702622,1.1242292878654183,0.3172990778792002,13848.0,668.0
10504,122,7,0.09310687799423,1.3067526258175164,0.0,11113.0,12766.0
10504,123,10,0.11736673296495861,0.44144211496208463,0.44144211496208463,9939.0,9939.0
10504,124,8,0.09890991646625531,0.12963539324305096,0.0,13848.0,668.0
10504,125,6,0.058540353861984765,0.12199156731685257,0.0,13850.0,668.0
10504,126,7,0.1246500205474289,0.9678311057847253,0.061924682230921846,13848.0,12766.0
10504,127,8,0.11857175091737172,0.3790195033390633,0.11428844674211636,13848.0,12766.0
10504,128,7,6.343306132576608e-05,0.09996794049888003,0.0,13848.0,12766.0
10504,129,8,0.004178139162116402,0.4986176124784123,0.007454128274920979,1532.0,1789.0
10504,130,7,0.2547991031364141,0.07986920252401575,0.0,13848.0,13850.0
10504,131,7,0.2547991031364141,0.07986920252401575,0.0,13848.0,13850.0
10504,132,6,8.239451755647013e-11,0.0036426529171107447,0.0019451575503142138,1675.0,4606.0
10504,133,6,1.2082709361351602e-07,0.0036426529171107447,0.0019451575503142138,1675.0,4606.0
10504,134,8,0.010247979190856769,1.2401485452392675,0.006778357792453171,1534.0,1789.0
10504,135,8,0.07966099261018494,1.052511646740932,0.005409770429769978,3888.0,1789.0
10504,136,9,0.061259505587853695,1.449172626332568,8.39435410657785e-05,12514.0,12766.0
10504,137,9,0.028662097795229737,1.50037955412128,0.000727881553458154,13850.0,12766.0
10504,138,9,0.03928022014374498,1.2572093588023723,0.001576018929155154,13850.0,12766.0
10504,139,9,0.004775154967550339,1.149618883224944,3.4435840152724495e-06,13850.0,12766.0
10504,140,10,0.017244806078844703,0.3678710769914906,0.0,1896.0,12820.0
10504,141,8,0.029721777637432556,0.4268557124895396,0.06697052627807776,3888.0,1675.0
10504,143,7,6.692387817607561e-06,0.0067183547554581224,0.002622301870005117,3888.0,8583.0
10504,144,7,6.692387817607561e-06,0.0067183547554581224,0.002622301870005117,3888.0,8583.0
10504,145,6,0.0,0.1183146825494088,,,668.0
10504,146,6,0.0020835039810408545,0.11531394475404388,0.01115279790649204,1789.0,8583.0
10504,147,7,4.530932531500022e-05,0.0,0.0,12766.0,
10504,148,6,0.0028507662305040614,0.6472002844544438,0.0001453311268795332,1675.0,1789.0
10504,149,5,0.0785533693084549,0.11762301278477061,0.0,12514.0,4625.0
10504,150,5,0.0785533693084549,0.11762301278477061,0.0,12514.0,4625.0
10504,151,5,6.383460749908056e-09,0.00412541139640088,0.001012669491739393,1675.0,8583.0
10504,152,7,0.07297392796466852,1.0129869218845506,0.010110246685083979,668.0,1896.0
10504,153,9,0.20091532254083674,0.9219978127950235,0.0,11113.0,12766.0
10504,154,10,0.02235473784990871,1.3616151280147868,0.7477456829632985,13848.0,12766.0
10504,155,10,0.009844595408344299,1.3616151280147868,0.017969382401410883,668.0,12766.0
10504,156,10,0.012115747137895493,3.4944824136354353,0.0,13850.0,4625.0
10504,157,9,0.02557087590806504,1.0174758267432162,0.004774923314735169,13848.0,1896.0
10504,158,9,0.06396694539379187,0.9459716828517948,0.11032883869314247,12514.0,12766.0
10504,159,10,0.012088387187805048,0.7019550377088937,0.24418818286484445,4625.0,12766.0
10504,160,9,0.0,0.0,,,
10504,161,7,0.00013119345230488852,0.2148083937392995,0.018240015939395837,8054.0,1789.0
10504,163,6,0.0,0.28660681644957897,,,13850.0
10504,164,6,3.10237296120066e-06,0.1521435727486593,0.0001035685124013419,1532.0,8583.0
10504,165,6,0.2685548311820705,0.07681905798987287,0.0,9939.0,12766.0
10504,166,8,0.0,0.9749298226161436,,,12766.0
10504,167,7,0.20999036862297843,1.184180122745147,0.06151583389039317,12514.0,12766.0
10504,168,8,0.0,0.04811830082542734,,,13850.0
10504,169,8,0.005841239182140729,1.0097283862159872,0.000223470835615025,113.0,1789.0
10504,170,10,0.019467306961568173,0.6618444331829965,0.07482666179689446,1532.0,1789.0
10504,171,8,0.05323688992394911,1.0755368785394497,0.002574732997856266,1534.0,8583.0
10504,172,8,0.04144564183301426,1.1428401334873177,0.008625756998270617,1534.0,8583.0
10504,173,6,0.048020333429524664,0.7126655639227133,0.0037229985035720503,1534.0,1789.0
10504,174,8,0.05759945657310056,0.3455773967943845,0.08944297268317225,8054.0,4606.0
10504,175,10,0.026836564780426484,0.6485292111080199,1.654574780118878e-05,113.0,8583.0
10504,176,8,0.03795649475249071,1.624633432954722,0.0006297188295585343,113.0,8583.0
10504,177,10,0.015645818481265512,1.7972211943086203,0.008148898558142825,1534.0,8583.0
10504,178,7,0.029145536191393838,1.503048337434163,0.028386319561425566,3888.0,8583.0
10504,179,7,0.023474849751245367,0.22833573527363882,0.006548442392553255,3888.0,8583.0
10504,180,8,0.03329829255256925,1.7587554540700214,0.08914294121817257,13850.0,1896.0
10504,181,8,0.0,1.7587554540700214,,,1896.0
10504,182,8,0.0,1.7587554540700214,,,1896.0
10504,183,9,0.028590482859066686,1.0950913294602351,0.001604812384724319,13850.0,1896.0
10504,184,9,0.02815224454353105,1.3780411519256335,3.660234423641384e-05,12766.0,13848.0
10504,185,8,0.02558113332516023,0.7563648982811673,0.4972219580981898,13848.0,12820.0
10504,186,7,0.03086291364507751,0.20186279735891688,0.029516358179794366,668.0,13848.0
10504,187,9,0.025161326259868375,1.1450054829271687,0.0006621759219251899,13850.0,1896.0
10504,188,7,0.018674498064760715,1.0905777825536305,0.5827860342728002,13848.0,1896.0
10504,189,8,0.024819155730506238,1.0159694187388375,0.0,13850.0,668.0
10504,190,10,0.0,0.5226909742533765,,,12820.0
10504,191,9,0.13350139224151725,0.5123864071246995,0.27401543617016344,11113.0,12766.0
10504,192,7,0.17339036950973563,1.4093469597464914,0.07332769505748082,13848.0,12766.0
10504,193,7,0.0305852083330305,0.9058218092571018,0.0,9939.0,12766.0
10504,194,8,0.015565580244225018,0.9710934843880947,6.149155185042332e-06,113.0,4606.0
10504,195,9,0.0,0.0,,,
10504,197,9,0.010205598782044877,0.2462267197462844,0.0005871499758898224,3888.0,1789.0
10504,198,8,0.0,0.0,,,
10504,199,8,3.9842753110408896e-11,0.0,0.0,12514.0,
10504,200,8,5.574962724092751e-06,0.0,0.0,12514.0,
10504,201,6,2.1929799825968122e-06,0.3225761162222447,0.0006204344892961622,1534.0,1789.0
10504,202,7,2.5805291980186726e-09,0.05297004484847634,2.8054376419839322e-05,3870.0,1789.0
10504,203,7,0.026254476367059604,0.6909426149726663,0.0006128405717831242,1896.0,12766.0
10504,204,7,0.07772105335389823,0.9112155783708928,0.051203365961466574,1896.0,12766.0
10504,205,7,0.07565368244161318,0.2468635448792753,0.2468635448792753,12766.0,12766.0
10504,206,10,0.10085238792379411,0.8024527340050085,0.00940602498194032,13850.0,1896.0
10504,207,9,0.025096291602369123,0.3824008463626236,0.3824008463626236,1675.0,1675.0
10504,208,9,0.0845100721176835,0.9483146365406503,0.05772411340285988,13850.0,9939.0
10504,209,7,0.032680008676559104,0.5794619084570778,0.010986442457689982,11113.0,9939.0
10504,210,7,0.07385527772689161,0.5794619084570778,0.4771138712130094,13848.0,9939.0
10504,211,6,0.027983439003595335,0.019297270854591986,0.0,13850.0,668.0
10504,212,7,0.01955879091473167,0.17765989998648735,0.0010463060887002662,3888.0,4606.0
10504,213,10,0.16528617694189499,0.0,0.0,12766.0,
10504,214,9,0.0012191202026694272,0.6913401880748955,0.0157431616365038,1534.0,1789.0
10504,215,10,0.01659212239470275,1.055781793828352,0.001296847302809212,8054.0,1789.0
10504,216,10,0.042684741823363945,1.055781793828352,0.14943065278345768,4606.0,1789.0
10504,217,10,0.042453477206165255,1.055781793828352,0.14943065278345768,4606.0,1789.0
10504,218,8,0.009760316711257957,0.8018278327388062,0.029094666180954576,13848.0,12766.0
10504,219,9,0.007479237591930447,0.38619650245480663,0.0001890077000856749,4625.0,668.0
10504,220,9,0.07488293412396158,0.7836746622363542,0.001496799655974712,11113.0,12766.0
10504,221,9,0.021697441759451586,1.046702500700925,0.08846046525437856,11113.0,12766.0
10504,222,9,0.1267903865440692,1.1427073024419832,0.018439579543563234,12820.0,12766.0
10504,223,7,0.0922202684830814,0.37111734042493527,0.0,12820.0,12766.0
10504,224,7,0.0,0.0,,,
10504,225,6,0.016730135310288028,0.3381754142701183,0.04221128673725438,3888.0,1789.0
10504,226,8,0.0,0.0,,,
10504,227,8,0.02863063704516644,0.9304020836104865,0.0,3870.0,1789.0
10504,228,7,0.06860555390136543,0.9599227964073815,0.14765769082567815,8054.0,1789.0
10504,229,8,0.03477648994254946,1.0921778389714438,0.014633842858111201,1532.0,1789.0
10504,230,8,0.04452468588286155,0.8419662746148573,0.0,11113.0,1896.0
10504,231,9,0.029895179222663618,1.027676748964271,0.0939613304493303,12514.0,1896.0
10504,232,8,0.013589441001128412,1.2971377784978761,0.17659914178707137,12514.0,1896.0
10504,233,9,0.00737239976097845,0.9385860029688606,0.9385860029688606,12820.0,12820.0
10504,234,8,0.026730341340004196,1.7761141615691791,0.0074739798795429024,12514.0,13848.0
10504,235,8,0.015674251629001098,0.835507281129197,0.05373350775779073,11113.0,668.0
10504,236,10,0.006917329066002725,0.8605673300531826,0.017646435381156067,4625.0,668.0
10504,237,9,0.00446301496942632,0.44649113962659115,0.44649113962659115,668.0,668.0
10504,238,9,0.002645387062487641,0.14737063053476263,0.14737063053476263,668.0,668.0
10504,239,9,0.013104745877186642,4.546588076873772,0.0,13850.0,12766.0
10504,240,9,0.007315275886666757,0.8313335503349712,0.04793597241361347,668.0,12766.0
10504,241,8,0.01640888594073622,3.2523242691953866,0.0,11113.0,13848.0
10504,242,7,0.0013333436600190427,0.6548174565939662,0.028269710236320744,8583.0,4606.0
10504,243,9,0.008873140350695802,1.279178835422642,0.0038401213314793736,3870.0,8583.0
10504,244,8,0.012201562120114334,1.383665312339371,0.0006211745807109814,3870.0,8583.0
10504,245,9,0.03409575109125295,1.2292232639615195,0.0036180950183259952,113.0,8583.0
10504,246,9,0.025990045227080604,0.6338207939202842,0.0,4625.0,1896.0
10504,247,9,0.029446906218276385,0.6338207939202842,0.0,4625.0,1896.0
10504,248,9,0.027612798720590616,0.6070304650176404,0.1667139770615247,12514.0,12820.0
10504,249,10,0.023158430942211133,1.2378655354863382,1.2378655354863382,1896.0,1896.0
10504,250,10,0.06540310507680089,0.8950058846956752,0.0062138935229727466,4625.0,1896.0
10504,252,8,0.04052474465769272,0.9445284572022565,0.0,12514.0,12766.0
10504,253,7,0.13547304853576644,0.8490933211532408,0.03422900302219389,13850.0,12766.0
10504,256,7,0.17918168408306612,0.740649434966171,0.024414343280021455,13848.0,668.0
10504,257,6,2.7912446139633632e-05,0.012636998573747782,0.006597135936445397,4606.0,1675.0
10504,258,6,2.7912446139633632e-05,0.012636998573747782,0.006597135936445397,4606.0,1675.0
10504,259,6,7.331696833313946e-10,0.012636998573747782,0.012636998573747782,1675.0,1675.0
10504,260,6,7.331696833313946e-10,0.012636998573747782,0.012636998573747782,1675.0,1675.0
10504,261,7,0.031438498213575174,1.2683382684081215,7.472987571421896e-05,3870.0,1789.0
10504,262,8,0.021351676728368973,0.9382809821050655,0.0340461731994699,3888.0,1789.0
10504,263,6,7.986481102470354e-11,0.0,0.0,12820.0,
10504,264,7,0.01066338970373279,0.0,0.0,12820.0,
10504,265,8,0.03437246534103115,0.5381140673696869,0.04285440627680348,8054.0,1675.0
10504,266,6,0.029904009046772647,1.4841255933204955,0.061314545997652736,11113.0,12766.0
10504,267,6,0.027834119156761702,1.4841255933204955,0.061314545997652736,11113.0,12766.0
10504,268,5,0.009834378548755789,2.547651347810362,0.06958894587817621,3888.0,1789.0
10504,269,5,0.04243688996682779,0.15570692049792,2.172747683193421e-05,3888.0,1532.0
10504,270,6,0.042565343922917255,0.09883337461347397,0.0,3888.0,1675.0
10504,271,7,0.09238860914907052,0.9623046353298257,0.029766755050347093,3888.0,1789.0
10504,272,7,0.05473495129480243,0.9908026105418468,0.04975105386834322,3888.0,1532.0
10504,273,6,0.07675117057940038,0.6045151598090932,0.0247234420434026,3888.0,1789.0
10504,274,9,0.1028167826829152,1.177898812840132,0.04801499465845893,1534.0,1789.0
10504,275,8,0.02158834306035674,1.3126260859701144,0.05777490617034786,3888.0,8583.0
10504,276,7,0.025332708929806012,0.17937635347680825,0.17937635347680825,1532.0,1532.0
10504,277,8,0.02041340284197918,0.17630142489623424,0.17630142489623424,1532.0,1532.0
10504,278,7,0.011619980464119429,1.5904713402566149,0.2538125985142674,1534.0,1532.0
10504,280,8,0.04986065742960677,0.8211022364598115,0.019982868414175847,4625.0,12766.0
10504,281,8,0.06352286104001846,0.8614262855757984,0.01458112371094522,4625.0,1896.0
10504,282,8,0.06176478856520809,0.9062215650603074,0.19806513365235023,12514.0,1896.0
10504,283,8,0.03969073098083189,0.9087986140373294,0.0005300941312196272,4625.0,12766.0
10504,284,9,0.0227068339358564,0.9463678866814593,0.02119199844854691,13850.0,12766.0
10504,285,9,0.01851747040164069,0.8736223019263631,0.009344665229184201,11113.0,12766.0
10504,286,8,0.011980186289767604,0.6664257183224649,0.010096310766114946,13850.0,12766.0
10504,287,8,0.010371537936784232,1.1142972138264842,0.0,4625.0,12766.0
10504,288,9,0.07621796406591566,0.6761553622039411,0.0016760091391798682,13850.0,12766.0
10504,289,8,0.03848256370108363,0.7993351055029478,0.00868400374513989,13850.0,12766.0
10504,290,8,0.005131117929269522,1.2745549277666495,0.17704616961773745,668.0,12766.0
10504,291,8,0.01806673058958242,0.6182641783066791,0.05222142896489901,4606.0,1789.0
10504,292,10,0.0136139215312608,1.0442472188340206,0.013256206465582565,8054.0,1789.0
10504,293,8,0.03261841907429404,0.8705679421408865,0.004025658367753593,1534.0,1789.0
10504,294,6,0.029327347252123506,0.9002891884510955,0.04694471920327814,1534.0,1789.0
10504,295,10,0.024653432331387566,1.1063699079401363,2.1043444551338553e-06,4625.0,12820.0
10504,296,10,0.029507022345608657,1.1063699079401363,2.1043444551338553e-06,4625.0,12820.0
10504,297,10,0.029507022345608657,1.1063699079401363,2.1043444551338553e-06,4625.0,12820.0
10504,298,9,0.04459227900205025,0.45532593835756785,4.5614956579953514e-05,4625.0,1896.0
10504,299,9,0.02719195854506978,0.6770224993337459,0.6770224993337459,9939.0,9939.0
10504,300,8,0.028104817758231697,0.2630860081520705,0.034453514410308195,3888.0,1675.0
10504,301,8,0.044401962109042736,0.4951800249122229,0.04479586872324148,3888.0,1789.0
10504,302,7,0.1149533018695956,0.5287145486952767,0.5287145486952767,1675.0,1675.0
10504,303,8,0.017746787325040786,0.634943735212735,0.0069437661157474295,13850.0,12766.0
10504,304,8,0.023843572443195578,1.0445478765632226,0.0010332873755842797,13850.0,12766.0
10504,305,8,0.023843572443195578,1.0445478765632226,0.0010332873755842797,13850.0,12766.0
10504,306,9,0.025284067590653405,0.9910818135856916,0.009055248386306225,13850.0,12766.0
10504,307,8,0.01851500725900288,1.3508342209789586,0.0014573435716505045,668.0,12766.0
10504,309,9,0.015325724193614696,0.21779806227710985,0.05053211759820009,8054.0,8583.0
10504,310,9,0.015877928197277725,0.2529906712794645,9.970443046736222e-05,13850.0,13848.0
10504,311,7,0.028409411376869934,0.7603135924890081,0.0019276178451406167,13850.0,1896.0
10504,313,10,0.0703379842187295,1.1135334331901978,0.011147914813742332,113.0,8583.0
10504,314,9,0.031055645543551443,1.5621913317813956,0.040131340081046574,1534.0,8583.0
10504,315,9,0.017949373978118743,1.1565088443025378,0.0,1534.0,8583.0
10504,316,8,0.056296938811227465,0.4851350383397506,0.0,8054.0,1532.0
10504,317,9,0.009714040982805225,0.7871699134412724,0.11770423476091985,1534.0,1789.0
10504,318,7,0.002528567756859327,0.7221987571905792,0.0,1534.0,1789.0
10504,319,7,0.021719120910731096,1.554845791931582,0.0,113.0,8583.0
10504,320,7,0.01756677751700462,0.6923382742149213,0.03425285721200666,4625.0,13848.0
10504,321,9,0.030156068255725817,0.7273872804432191,0.010230183323809428,3888.0,8583.0
10504,322,9,0.03061421424700568,0.7273872804432191,0.010230183323809428,3888.0,8583.0
10504,324,9,0.032338650698543546,0.7129884012357852,0.03870476344101448,12514.0,1896.0
10504,325,8,0.0523442436197017,0.9773409658120995,0.04590001488338746,12514.0,1896.0
10504,326,10,0.06795513140528663,1.3907904347054583,0.01108412803056602,11113.0,12766.0
10504,327,8,0.013055017324614091,0.6005950499924673,0.36383535336981865,12820.0,12766.0
10504,328,7,0.35781199616545734,0.7588645098611266,0.0,13850.0,12766.0
10504,329,7,0.07324145863287389,0.9105059002496532,0.0,11113.0,12766.0
10504,330,9,0.11692080301330762,0.04201833866812166,0.0,11113.0,12766.0
10504,331,9,0.23428454157980552,0.9393140598180469,0.0,13848.0,12766.0
10504,332,9,0.22148320666063637,0.9393140598180469,0.0,13848.0,12766.0
10504,333,8,0.011336515599175987,0.3430188160936498,0.0036563491514594038,3888.0,1789.0
10504,334,8,0.0034405170419317768,1.667312068619669,0.0,9939.0,12766.0
10504,335,8,0.1392715674395946,0.814738581576739,0.26238401200131634,11113.0,12766.0
10504,336,8,0.009340788144314913,1.0476791321849719,0.007636530741206293,3888.0,4606.0
10504,337,9,0.0,0.0,,,
10504,338,9,0.0,0.0,,,
10504,339,9,0.013475437583895081,0.47924648655980806,0.08628640490554385,3888.0,4606.0
10504,340,9,0.0008714741466700442,0.6130853250581956,0.0026770228290025067,8054.0,1789.0
10504,341,7,0.0022342401643325478,0.4377506953115726,0.0013097673796682585,3888.0,1675.0
10504,342,8,0.07510288398162218,1.2568859084985222,0.026687743683285525,13850.0,12766.0
10504,343,9,0.028866772351173145,0.18789844496437347,0.09516661130266435,1789.0,1532.0
10504,344,9,2.709589010587403e-05,0.18789844496437347,0.09516661130266435,1789.0,1532.0
10504,345,8,0.03790898090190614,1.0037252064111346,0.04395271305625226,668.0,12766.0
10504,346,9,0.015912510303609868,0.9192875508433271,0.15291190507243968,13850.0,12766.0
10504,347,9,0.022316111330119185,0.897612286031892,0.04814043273390922,13850.0,12766.0
10504,348,8,0.057116535766128504,0.7583844144127125,0.05643382689732679,12820.0,9939.0
10504,349,7,0.1516022089623399,1.1277274934278836,0.1285956272528921,12514.0,1896.0
10504,350,8,0.03937937110556101,0.2741672461751108,0.0,668.0,1896.0
10504,351,8,0.013875497999522335,0.03736960858832461,0.007590512611827194,13850.0,668.0
10504,352,7,0.026003670091473127,0.5764807058871142,0.0,12514.0,13848.0
10504,353,9,0.09760592300090057,1.6272926354887822,0.14881653504767112,13848.0,4625.0
10504,354,7,0.042365938278075846,1.7394856121834188,1.7394856121834188,668.0,668.0
10504,355,6,0.08838330938439698,6.38430099827334,0.0,13850.0,13848.0
10504,356,7,0.0026060065332034737,0.28886996014577315,0.0026627614888659057,8054.0,1675.0
10504,357,6,0.035985210511082937,0.4841334744437811,0.0,11113.0,1896.0
10504,358,9,5.269742503309815e-06,0.0,0.0,1675.0,
10504,359,8,0.006423336091078094,0.6615410152515091,0.0007865257259371816,13850.0,1896.0
10504,360,8,0.05485160303181662,0.9743380071824381,0.0003459871926771996,4625.0,1896.0
10504,361,8,0.029997477944745034,1.5060030174463472,0.025961494168456056,8054.0,1789.0
10504,362,8,0.12156499266789413,0.2520094744143222,0.04489493162959857,8054.0,4606.0
10504,363,9,0.12654378399522362,0.20785572488167947,0.06807083104119993,4606.0,3870.0
10504,364,7,1.7870144558374776e-14,0.0,,,
10504,365,7,0.012058992370350208,0.49322192733281955,0.01143059904941568,13850.0,13848.0
10504,366,7,0.0003518947765631492,0.0,0.0,4606.0,
10504,367,7,0.021897636354857294,0.0,0.0,4606.0,
10504,368,8,0.0,0.0,,,
